time,weathercode,temperature_2m_mean,apparent_temperature_mean,rain_sum,windspeed_10m_max,windgusts_10m_max,winddirection_10m_dominant,et0_fao_evapotranspiration
1/1/2020,51,26.5,30.7,0.1,10,23.8,316,4.43
1/2/2020,51,27,31.1,0.4,9.2,25.9,252,4.4
1/3/2020,2,27.3,30.9,0,11,27.7,348,4.38
1/4/2020,2,27.2,29.3,0,11.4,28.8,9,5.2
1/5/2020,1,25.8,26.5,0,17,36.4,15,5.83
1/6/2020,1,25.7,26.2,0,15.5,33.5,15,5.87
1/7/2020,1,25.4,25.8,0,20.5,41.8,9,5.92
1/8/2020,1,26.2,28.1,0,11.3,24.1,21,4.99
1/9/2020,2,26.3,29.2,0,13.7,25.9,0,4.98
1/10/2020,51,26.9,31.3,0.7,6.3,19.8,154,3.82
1/11/2020,51,27.1,31.6,0.4,6.5,22.7,61,3.79
1/12/2020,61,26.7,31.6,4.5,10.3,23.8,197,4
1/13/2020,63,26.2,31.4,7.3,8,27,166,3.62
1/14/2020,55,26.8,31.3,2.2,8.7,26.3,37,3.89
1/15/2020,1,26.8,29.6,0,10,26.3,21,4.83
1/16/2020,1,26.9,29.6,0,10.7,25.9,22,4.63
1/17/2020,1,26.4,27.6,0,18.8,39.6,11,5.93
1/18/2020,1,26.3,27.4,0,16.5,36,14,5.59
1/19/2020,3,26.5,28.2,0,12.6,27.4,15,5.28
1/20/2020,1,26.5,28.1,0,13,31.3,3,5.5
1/21/2020,1,26.8,28.9,0,11.5,27.4,360,5.14
1/22/2020,3,26.4,29.7,0,12,25.6,315,3.95
1/23/2020,3,26.8,30.4,0,11.3,26.6,318,4.56
1/24/2020,1,27.2,29.6,0,16.9,36.7,356,5.67
1/25/2020,2,27.6,29.9,0,15.7,34.6,6,5.55
1/26/2020,2,27.5,29.7,0,14.3,33.5,360,5.47
1/27/2020,2,27.6,29.5,0,17.5,37.8,4,5.59
1/28/2020,2,26.2,27.4,0,20.2,41.4,3,4.7
1/29/2020,3,27.7,30.8,0,13.7,25.2,13,4.39
1/30/2020,53,27.8,31.7,3,13.9,32,25,2.89
1/31/2020,61,26.2,29.2,6.8,14,28.8,12,3.31
2/1/2020,55,27.6,31.2,1,12.6,26.3,31,4.52
2/2/2020,51,27.4,30.6,0.2,9.1,20.5,0,4.01
2/3/2020,51,27.8,30.8,0.2,10.7,25.9,6,4.79
2/4/2020,61,25.6,29.1,8.5,9.7,31,19,2.41
2/5/2020,63,27,31.6,5.6,9.8,24.8,43,4.46
2/6/2020,61,26.7,31.5,4.5,10.5,23.4,44,4.37
2/7/2020,55,26.3,31.2,6.4,10.5,25.2,112,4.2
2/8/2020,63,26.7,31.6,4.4,8.7,27.7,207,4.22
2/9/2020,51,27,32.1,1,9.3,21.2,197,4.4
2/10/2020,51,27,31.9,0.6,8.2,21.2,205,4.11
2/11/2020,51,27.2,32.5,0.6,9.7,24.1,278,4.69
2/12/2020,53,27.9,32.2,0.9,7.4,19.8,31,4.38
2/13/2020,51,28,31.6,0.4,10.1,25.9,40,4.59
2/14/2020,2,28.1,31.8,0,9.5,22.7,18,5.16
2/15/2020,51,28.7,32.6,0.1,10.9,25.2,48,4.91
2/16/2020,3,29,32.4,0,9.5,27.7,37,4.99
2/17/2020,2,28.4,30.7,0,10.1,29.2,359,5.75
2/18/2020,3,27.6,30.5,0,13.8,31.3,262,5.01
2/19/2020,2,28.1,30.4,0,12.6,29.5,331,5.15
2/20/2020,2,27.6,29.3,0,14.3,32,327,5.13
2/21/2020,1,27,30.1,0,15.2,33.1,300,5.18
2/22/2020,1,27.5,30.9,0,12.4,29.2,302,5.11
2/23/2020,2,28.2,31.8,0,13.5,30.6,292,5.26
2/24/2020,3,29.6,33.5,0,10,26.6,315,5.27
2/25/2020,63,28.3,32.4,15.3,11.1,29.2,38,3.97
2/26/2020,65,27.5,32.4,16.8,7.3,31.3,61,4.48
2/27/2020,63,26.9,32,19.9,12,29.9,254,4.19
2/28/2020,63,26.9,32.4,13.2,10.6,25.9,316,4.63
3/1/2020,63,27.7,33.1,4.3,9.2,24.5,231,4.53
3/2/2020,61,27.6,33.1,4.4,9.8,24.8,183,4.56
3/3/2020,63,26.9,32.5,17.7,13.3,33.1,145,4.3
3/4/2020,55,26.7,31.8,5.5,10.8,23.4,168,4.24
3/5/2020,53,27.5,32.9,1.2,9.2,25.6,315,4.49
3/6/2020,51,27.6,33.1,2,10.1,23,241,4.46
3/7/2020,3,27.5,32.4,0,9.3,23,254,4.42
3/8/2020,63,27.4,32.7,5.6,8,24.8,172,3.86
3/9/2020,63,27.1,32,6.1,8.1,19.8,78,3.04
3/10/2020,65,26.8,31.9,17.6,6.6,25.6,63,3.15
3/11/2020,53,26.9,31.8,4,8.2,25.9,159,2.34
3/12/2020,61,26,31.2,7.9,7.6,23.4,143,2.04
3/13/2020,63,26.5,32,4.3,13,38.5,125,3.45
3/14/2020,61,27.2,32.8,3.2,13.7,29.5,167,4.44
3/15/2020,53,27.7,33.6,1,8.3,22.3,118,5
3/16/2020,61,27.4,33.3,2.8,8.2,24.8,177,4.35
3/17/2020,61,27.1,33.2,5.2,7.9,25.2,168,4.25
3/18/2020,55,27.2,33.2,2.9,8,23.8,204,4.75
3/19/2020,55,27.3,33,2.9,9.9,22.3,195,4.67
3/20/2020,3,27.9,33.5,0,11.7,24.8,224,4.92
3/21/2020,51,27.6,33.2,2.3,14.4,30.6,262,4.29
3/22/2020,51,27.8,33.1,1.4,15.2,30.2,275,4.68
3/23/2020,51,27.6,33,1.7,15.3,31,256,4.46
3/24/2020,2,27.6,33,0,11.8,25.2,171,4.74
3/25/2020,51,27.7,32.8,0.2,8.8,18.7,201,4.9
3/26/2020,65,27,32.3,28.9,11.3,28.4,124,4.1
3/27/2020,63,26.9,32.3,8,11.2,30.6,81,4.51
3/28/2020,1,27.7,33.4,0,8.6,23.4,182,4.94
3/29/2020,51,27.7,33.8,0.9,10.1,24.5,207,4.52
3/30/2020,2,27.9,33.5,0,12.1,28.1,222,4.77
3/31/2020,53,27.2,32.8,2.1,15.4,32.4,219,4.06
4/1/2020,61,27.2,32.9,3.8,12,29.9,180,4.31
4/2/2020,51,27.1,33,0.9,11.4,31.3,207,4.47
4/3/2020,51,27.7,33.3,1.3,12.6,27.4,272,4.65
4/4/2020,51,28.1,33.6,0.1,8.7,23,180,4.92
4/5/2020,51,27.7,33.2,0.7,10.8,26.3,169,4.53
4/6/2020,63,27.1,32.2,7.2,11,28.1,163,4.14
4/7/2020,63,26.8,32.7,7.3,8.3,24.8,147,4.59
4/8/2020,61,27.4,33.3,3.3,6.5,22.7,129,4.65
4/9/2020,63,27.3,33.1,4.4,11.3,27.7,72,4.19
4/10/2020,61,27.8,33.7,4.3,8.4,24.1,155,4.82
4/11/2020,65,26.9,32.4,22.3,13,26.6,221,3.87
4/12/2020,63,26.9,32.5,19.5,12.3,24.5,178,4.15
4/13/2020,63,26.3,31.9,22.2,9,26.6,168,2.95
4/14/2020,63,26.8,32.5,9.4,9.8,24.8,143,3.85
4/15/2020,63,27.3,33,6,8.7,23,143,3.44
4/16/2020,63,27.3,32.9,6.3,10.6,21.2,143,4.18
4/17/2020,63,27.2,33.2,7.2,5.8,22.3,43,4.57
4/18/2020,63,26.7,32.4,11.9,9.9,23.8,176,3.45
4/19/2020,61,27.6,33.6,2.5,8.9,24.5,200,4.37
4/20/2020,53,27.4,33.7,2.3,10.2,28.8,212,4.5
4/21/2020,53,27.9,33.7,1.4,10.2,21.6,180,4.61
4/22/2020,53,27.5,33.5,3.7,11.6,27.7,191,4.43
4/23/2020,53,27.8,33.6,2.1,11.7,27,218,4.62
4/24/2020,61,27.7,33.4,3.4,12.4,26.6,180,4.38
4/25/2020,61,27.3,33.2,5.8,12.5,29.2,192,4.03
4/26/2020,61,27.3,33.3,5.3,11.8,28.4,183,3.98
4/27/2020,63,27.4,33.6,13.1,11,26.3,174,4.25
4/28/2020,63,27,32.6,8.7,11.3,25.9,160,3.58
4/29/2020,63,27.2,33,5,12.2,28.1,191,3.38
4/30/2020,55,27.6,33.5,3,14.5,34.2,197,4.26
5/1/2020,61,27.7,33.6,5.3,13,31,220,3.95
5/2/2020,55,27.6,33.7,4.3,11.9,26.3,234,4.06
5/3/2020,61,27.6,33.8,3.2,10.8,27.4,177,3.88
5/4/2020,63,27.3,33,10.2,11.9,24.5,182,4.08
5/5/2020,61,26.9,32.4,8.1,12.3,27.7,174,3.37
5/6/2020,55,27.3,32.3,3.5,13.8,26.6,157,2.37
5/7/2020,63,27,32.5,10.2,10.4,26.3,190,3.65
5/8/2020,63,26.2,31,23.2,14.9,33.8,181,2.5
5/9/2020,63,26.6,31.5,10.5,16.4,34.9,181,3.04
5/10/2020,63,26.8,32.2,20.9,14.6,33.1,169,3.38
5/11/2020,65,27.1,32.9,16.6,12.2,31,194,4.07
5/12/2020,65,26.6,32.3,21.3,15.1,33.1,223,3.67
5/13/2020,61,26.4,32,9.1,12.5,28.4,202,3.39
5/14/2020,63,26.8,32.5,11.5,13.6,30.2,234,3.68
5/15/2020,53,27.2,32.9,3.3,9.8,23,184,3.64
5/16/2020,63,26.2,31.2,22.3,13.4,28.1,190,2.94
5/17/2020,61,25.8,30.8,18.9,12.8,27.7,172,1.9
5/18/2020,63,25.9,31.6,17.4,12.6,30.2,217,2.68
5/19/2020,61,26.5,31.8,6,14.5,33.1,231,3.08
5/20/2020,63,25.8,30.8,26.7,18.6,43.2,245,2.09
5/21/2020,63,26.3,31.3,14.6,18.4,44.3,236,1.76
5/22/2020,55,26.5,31.8,7.8,14.2,32,231,2.95
5/23/2020,63,26.1,31.3,13.9,15.9,36.7,230,2.54
5/24/2020,63,25.6,30.1,37.5,21.4,42.5,238,1.71
5/25/2020,63,25.5,30.5,22.4,15.8,31.7,233,1
5/26/2020,63,26.1,30.6,17.4,15.8,35.3,199,2.58
5/27/2020,63,26.3,30.3,20.5,21.4,47.9,215,2.71
5/28/2020,61,27.2,31.5,10.2,23.3,54,241,3.25
5/29/2020,51,28,32.3,2.7,23.4,52.2,270,4.58
5/30/2020,53,28,32.1,4.7,26.4,49.7,255,4.2
5/31/2020,55,27.4,32.6,8,19.1,42.5,242,3.53
6/1/2020,63,26.5,31.4,13.8,17.6,37.8,220,2.5
6/2/2020,63,26.1,31.1,29.9,18.7,42.5,237,2.26
6/3/2020,61,26.6,31.4,16.6,19.1,45.7,257,2.89
6/4/2020,63,26.6,31.4,18.9,17.9,40.3,241,2.95
6/5/2020,61,26.9,31.7,11.1,19.6,39.2,242,3.38
6/6/2020,65,26.1,30.6,35.7,17.9,41.4,228,1.99
6/7/2020,63,26.2,30.5,48.6,21.9,44.6,244,2.25
6/8/2020,61,26.5,30.3,14.5,25.6,52.2,244,3
6/9/2020,61,26.6,30.7,13.4,24.8,62.3,241,3.38
6/10/2020,61,26.7,31.3,7.2,19.5,54.7,246,3.25
6/11/2020,51,26.8,31.6,3.9,19.7,49.7,238,3.3
6/12/2020,51,27.1,31.9,1.6,18.8,46.1,223,3.57
6/13/2020,61,26.3,31,7.3,19.5,42.8,233,3.37
6/14/2020,61,26.6,31.4,10.3,16.5,42.8,252,3.34
6/15/2020,63,26.4,30.8,11.6,20.4,42.8,244,3.08
6/16/2020,61,26,30.6,8.5,18.2,39.6,242,2.41
6/17/2020,63,26.8,31.2,10.2,20.2,44.3,247,2.93
6/18/2020,61,26.1,31.2,10.4,16.3,38.9,224,3.18
6/19/2020,51,26.3,30.9,2.1,18.4,44.3,220,3.51
6/20/2020,53,26.4,30.9,3.5,20.9,47.9,231,3.83
6/21/2020,61,25.9,30.3,11,20.9,46.4,236,2.6
6/22/2020,61,26.1,30.4,6.6,17.7,40.3,234,2.74
6/23/2020,61,26.2,30.9,5.2,16.4,38.9,244,3.07
6/24/2020,61,26.2,31.1,6.1,15.9,38.5,252,2.74
6/25/2020,61,26.3,31.2,9.6,19.3,44.3,267,2.87
6/26/2020,63,26.7,31.2,14.3,18.1,49,261,3.27
6/27/2020,63,26,30.6,10.9,19.9,46.1,263,2.57
6/28/2020,61,26.3,31.4,8.4,14.4,43.9,269,3.18
6/29/2020,63,26.3,31.5,11.2,14.8,40.3,272,3.1
6/30/2020,63,26.2,31.2,14.2,15.2,33.5,259,3.18
7/1/2020,61,26.5,31.2,3.8,17.4,35.3,260,3.54
7/2/2020,61,26.1,31.3,7.4,15.5,34.9,240,2.65
7/3/2020,51,26.8,32.2,1.8,15.9,33.8,252,3.57
7/4/2020,53,27,32.1,4.5,17.7,37.1,249,3.84
7/5/2020,53,27,31.9,5.1,18.5,37.8,250,3.84
7/6/2020,63,26.8,31.4,7.9,20.1,46.1,247,3.24
7/7/2020,55,26.9,30.8,3.9,20.4,48.2,269,3.8
7/8/2020,61,26.1,30.4,7.7,18.4,52.6,268,2.77
7/9/2020,61,25.7,29.6,11.4,21.5,51.1,251,2.65
7/10/2020,61,25.6,29.8,14,23.5,48.6,247,2.84
7/11/2020,63,25.6,30,21.6,17.4,51.1,257,2.67
7/12/2020,63,26,30.8,7.9,17.4,49.3,257,2.85
7/13/2020,53,26.2,30.5,4,24.2,56.2,262,3.16
7/14/2020,61,26.3,30.4,5.9,17.8,56.5,261,3.46
7/15/2020,63,26,30.7,12.9,18.3,51.8,278,2.35
7/16/2020,61,26.1,30.2,10.7,20,50,285,2.59
7/17/2020,53,26.5,30.9,2.5,19.5,47.9,288,3.68
7/18/2020,51,26.3,30.7,1.4,22.7,51.5,290,3.84
7/19/2020,51,26.4,30.5,2.3,23.1,51.8,270,3.78
7/20/2020,51,26.5,31.1,1,18.4,38.9,272,3.85
7/21/2020,51,26.7,31,0.9,18.4,41,266,4.12
7/22/2020,1,26.7,30.8,0,21.7,42.8,276,4.28
7/23/2020,51,26.6,30.7,0.3,19.8,47.9,283,4.17
7/24/2020,51,26.6,30.4,0.2,21.4,48.6,281,4.02
7/25/2020,51,26.3,30.5,1,19.1,42.1,272,3.58
7/26/2020,2,26.3,30.6,0,20.5,43.9,278,3.66
7/27/2020,51,26.4,30.8,1.2,19.8,42.8,271,3.72
7/28/2020,51,26.4,30.5,2.7,18.8,40.7,270,3.91
7/29/2020,51,26.3,30.4,4.5,20.8,41.4,254,3.48
7/30/2020,63,25.6,29.9,9.7,17.8,38.2,232,2.86
7/31/2020,63,25.7,30,11,18.6,45.4,240,2.91
8/1/2020,61,26.2,31,6.6,16.3,40.3,240,3.54
8/2/2020,63,26.1,31.1,8.8,15.7,36.7,219,3.34
8/3/2020,51,26.4,31.5,2.6,15.3,36.7,250,3.59
8/4/2020,51,26.6,31.2,2,16.7,40.7,258,3.85
8/5/2020,51,26.6,30.3,3.2,21.7,46.4,258,4.2
8/6/2020,53,26.4,30.6,3.2,22.2,49.7,263,3.62
8/7/2020,55,25.8,30,4.4,20.2,47.9,268,2.99
8/8/2020,61,25.6,29.9,10.8,19.6,49,259,2.78
8/9/2020,53,26,30.8,4.2,17.8,43.6,264,2.58
8/10/2020,55,26.4,30.9,3.6,18,46.4,268,3.48
8/11/2020,51,26.5,30.3,2.4,21.6,51.8,267,3.67
8/12/2020,51,26.1,30.3,3.8,21.3,49.7,270,2.55
8/13/2020,61,26.2,31.3,6.5,16.5,47.5,257,3.07
8/14/2020,63,25.8,29.9,16.4,18.6,47.2,257,2.86
8/15/2020,63,25.7,29.3,18.6,21.1,53.3,267,2.35
8/16/2020,53,26.2,29.5,3.4,23.2,62.6,265,3.28
8/17/2020,55,26,29.8,8.2,23.4,58.3,281,3.13
8/18/2020,63,25.8,29.1,7.4,20.5,61.2,284,2.99
8/19/2020,63,25.9,29.3,6.3,22,55.1,273,3.05
8/20/2020,53,25.9,29.9,2.5,21.8,54.4,280,3.46
8/21/2020,51,25.9,30.8,0.9,18,43.6,283,4.12
8/22/2020,51,25.8,30.7,0.6,16.6,41,272,3.88
8/23/2020,51,26,30.4,0.1,17.2,37.4,270,3.53
8/24/2020,51,26,30.3,0.4,16.9,34.9,257,3.48
8/25/2020,51,26,30.2,0.9,19.5,39.2,260,3.52
8/26/2020,51,25.9,30,0.9,20.4,41,270,3.52
8/27/2020,53,26.1,30.5,2.5,21.6,46.4,264,3.83
8/28/2020,51,26.2,30.6,0.3,19.2,39.2,267,3.77
8/29/2020,51,26,30.3,0.7,20.3,43.2,256,3.71
8/30/2020,51,26.1,30.4,1.4,20.2,41.8,254,3.91
8/31/2020,53,26.4,30.9,2.7,18.5,43.6,244,4.21
9/1/2020,51,26.2,30.9,1.2,15.3,36.7,240,4.14
9/2/2020,51,26.3,31.2,2.2,16.4,35.3,248,4.37
9/3/2020,2,26.2,31,0,15.5,33.1,242,4.24
9/4/2020,51,26.2,30.5,0.1,16.6,34.6,240,4.29
9/5/2020,2,26.5,30.8,0,14.1,31.7,251,4.7
9/6/2020,2,26.9,30.3,0,18.9,40,254,4.66
9/7/2020,53,26.9,30.6,2.7,20.2,41.8,267,4.6
9/8/2020,51,26.5,31,0.8,17.1,36.4,278,4.56
9/9/2020,51,26.9,31.6,1.2,16.8,36.7,255,4.25
9/10/2020,51,26.7,31.4,0.2,16.8,35.6,258,4.29
9/11/2020,2,27.1,32,0,14.8,32.4,259,4.77
9/12/2020,2,27.6,32.2,0,13.7,29.2,242,5.07
9/13/2020,2,27.3,31.6,0,14,32,239,4.67
9/14/2020,2,27.3,31.6,0,16.3,36,227,4.62
9/15/2020,51,27.4,31.6,0.1,15.8,34.6,245,4.6
9/16/2020,51,27.6,31.2,0.2,19.9,40,250,4.58
9/17/2020,51,27.5,31.3,2.8,20.7,46.8,253,3.65
9/18/2020,55,27.1,30.9,5.8,23.7,48.2,248,3.83
9/19/2020,51,26.9,31.2,2.6,19.6,43.9,250,3.06
9/20/2020,61,26.3,30.8,7.3,17.3,42.1,231,3.12
9/21/2020,61,25.7,30.2,11.6,16.6,38.9,217,2.77
9/22/2020,61,26.2,31.3,9.5,13.8,31,207,3.43
9/23/2020,61,26.4,31.7,5.1,14.1,31.3,259,3.57
9/24/2020,63,25.5,30.6,12.3,11.3,30.2,242,2.96
9/25/2020,63,26,31.3,12.4,12.4,29.2,249,3.38
9/26/2020,61,26.6,32.3,3.7,11.6,26.3,243,3.66
9/27/2020,61,26.2,31.7,6.6,13,27.4,196,3.83
9/28/2020,63,26.1,31.8,16,14.3,35.6,241,3.37
9/29/2020,65,25.8,31.2,45.2,12.7,28.4,295,3.04
9/30/2020,65,25.7,30.9,67.7,10.4,25.6,328,2.7
10/1/2020,61,26.2,31.7,10,9.2,23.8,192,3.2
10/2/2020,63,26.1,32.1,10.2,6.6,21.2,288,3.25
10/3/2020,53,26.1,31.8,6,10.3,23,242,2.95
10/4/2020,55,26.7,32.2,5.6,10.5,28.1,259,3.68
10/5/2020,61,26.7,31.6,4.6,11.9,26.6,169,3.25
10/6/2020,63,25.8,30.9,13.9,12,29.2,198,2.75
10/7/2020,63,25.8,31.3,15.3,10.8,22.3,246,2.22
10/8/2020,61,25.5,30.6,16.8,14.6,32.4,319,1.99
10/9/2020,55,26.3,31.5,10.4,15.4,37.4,304,2.63
10/10/2020,61,25.8,30.7,10.2,15.2,32.4,231,2.37
10/11/2020,63,25.7,30.5,11.8,14.9,30.6,195,2
10/12/2020,61,25.4,29.5,5.2,17,32,168,2.66
10/13/2020,63,25.3,29.7,25.7,17.9,38.5,174,3.05
10/14/2020,61,26,31.1,4.4,12.1,28.8,200,3.43
10/15/2020,61,26.4,31.5,5.1,11.5,25.2,186,4.21
10/16/2020,63,26,31.2,7.7,10.3,27,194,3.79
10/17/2020,61,25.7,30.8,4.3,11.7,30.2,314,3.67
10/18/2020,53,26.7,32,1.5,11.6,25.6,264,4.15
10/19/2020,61,26.3,31.9,4.6,9,24.1,197,3.86
10/20/2020,61,25.7,30.9,6.5,7.9,23.4,152,3.2
10/21/2020,61,26.2,31.5,5.4,12,27.4,310,3.68
10/22/2020,63,25.8,30.9,22.8,16.2,32,298,3.55
10/23/2020,63,25.7,30.8,12.2,12,25.2,336,2.68
10/24/2020,65,25.9,31.4,77.4,9.8,24.1,218,3.49
10/25/2020,61,26.1,31.9,5.6,9.4,25.6,55,3.7
10/26/2020,63,26,31.4,15.3,9.9,23.4,34,3.41
10/27/2020,63,25.9,31,9.2,13.1,26.3,357,3.23
10/28/2020,63,25.9,30.6,10.8,13.6,40.3,1,3.45
10/29/2020,51,26.4,30.8,1,20,40.3,336,3.94
10/30/2020,51,26.7,31.4,1.3,15.8,33.5,309,3.93
10/31/2020,63,26.4,31.7,7.8,12.7,33.1,314,3.55
11/1/2020,63,25.7,30.9,12.2,13.3,30.2,346,2
11/2/2020,61,26,31.5,9.1,8.9,24.1,158,3.22
11/3/2020,63,25.7,31.2,15.2,8.1,23.4,353,3.08
11/4/2020,53,26.9,32.5,1.7,10.8,24.8,171,4.31
11/5/2020,63,25.6,30.2,29.3,17.4,34.2,343,2.12
11/6/2020,63,24,26.8,16.7,19.4,37.4,3,1.88
11/7/2020,63,25.3,30,12.9,11.2,22.3,16,2.54
11/8/2020,63,25.6,30.8,17.8,9.8,24.8,55,2.42
11/9/2020,61,25.4,30.7,11.4,8,23.4,329,1.59
11/10/2020,61,26.5,30.6,2.5,15.2,31.7,14,3.71
11/11/2020,2,26.2,29.9,0,16.4,32,348,4.27
11/12/2020,51,25.9,30,0.5,16.2,33.5,329,4.42
11/13/2020,51,26,30.5,1.1,14.4,29.5,319,3.89
11/14/2020,51,26.5,31.4,1.4,12.7,28.1,298,3.86
11/15/2020,2,26.7,31.8,0,10.2,23.4,250,4.68
11/16/2020,53,25.9,31.2,2.1,14.9,31,193,2.99
11/17/2020,53,26.3,31.6,4.4,10.5,24.5,332,3.81
11/18/2020,63,25.7,31.1,19.8,8.2,22.7,141,2.18
11/19/2020,63,25.9,31.4,17.8,10.1,20.9,166,3.13
11/20/2020,61,25.1,30.4,7.6,5.2,17.6,332,1.92
11/21/2020,53,26,31.1,3.1,13.7,27.4,343,3.2
11/22/2020,55,26.5,31.8,2.6,9.1,22,172,4.04
11/23/2020,63,26.2,31.6,14.1,10.9,29.5,137,3.65
11/24/2020,61,25.9,31.3,4.6,8,24.1,351,3.24
11/25/2020,63,26.2,31.5,6.7,7.4,24.5,16,3.7
11/26/2020,61,26.8,31.9,3.6,8,23.8,38,4.12
11/27/2020,61,26.3,30.4,4.1,12.1,23.4,17,3.58
11/28/2020,63,25.7,30.9,17,8.5,23.4,5,2.82
11/29/2020,61,26,31.5,5.8,8,24.8,4,3.51
11/30/2020,63,26.4,31.9,8.7,9.5,25.9,5,3.79
12/1/2020,2,26.8,31.3,0,9.5,19.1,27,4.06
12/2/2020,2,26.7,30.7,0,11.1,24.5,15,4.24
12/3/2020,63,26.3,31.1,10.5,12.5,30.2,42,3.83
12/4/2020,63,26.5,32.4,10.7,8.2,22.7,351,3.88
12/5/2020,65,26.2,32,16.1,7.3,24.5,125,3.21
12/6/2020,61,26.4,31.7,2.9,7.7,24.5,69,3.21
12/7/2020,61,26.4,31.7,3.1,8.7,23,47,3.35
12/8/2020,61,26.9,31.1,2,14.8,29.9,24,3.49
12/9/2020,61,26.3,30.2,4,15.4,27.4,28,2.88
12/10/2020,2,25.7,28.7,0,15.5,36,3,3.26
12/11/2020,1,25.5,28.8,0,11.4,24.8,359,3.97
12/12/2020,1,25.4,28.7,0,17.8,35.3,344,4.5
12/13/2020,1,25.8,28.8,0,20.6,41,358,4.47
12/14/2020,1,26.1,29.1,0,20.9,41.4,350,4.05
12/15/2020,51,25.7,29,1.2,20.1,40.7,352,3.34
12/16/2020,2,25.7,29,0,20.6,40.7,3,4.14
12/17/2020,1,25.6,29.8,0,10.4,22.7,316,4.61
12/18/2020,2,26.3,30.9,0,10.8,19.4,325,4.04
12/19/2020,51,26.5,30.8,0.3,8.7,22,291,3.75
12/20/2020,51,26.4,30.1,0.4,10.5,23.4,4,3.45
12/21/2020,53,25.2,29.1,2.1,14.5,29.9,360,1.72
12/22/2020,61,25.1,29.6,8.8,15.5,34.2,350,2.77
12/23/2020,61,25.7,31.4,8,6.2,23.4,23,3.68
12/24/2020,55,25.9,31.1,5.4,6.9,20.2,34,3.64
12/25/2020,53,26.5,31.6,2.1,6.8,19.4,86,3.87
12/26/2020,61,25.8,31.1,5.7,12.2,29.2,323,3.76
12/27/2020,63,25.8,30.8,5,8.8,24.5,97,3.55
12/28/2020,51,26.1,30.9,0.1,8.2,18.7,296,4.14
12/29/2020,1,26.4,30.6,0,7.1,20.5,26,4.31
12/30/2020,51,26.3,29.7,0.1,9.2,25.2,27,4.37
12/31/2020,2,26.3,29.7,0,12.2,24.1,21,4.36
1/1/2021,2,26.1,28.7,0,14.4,29.9,14,4.58
1/2/2021,1,25.7,27.3,0,16.6,31,11,5.19
1/3/2021,0,26.1,27.8,0,16,31,10,5.21
1/4/2021,3,26,27.6,0,16.9,35.6,13,5.22
1/5/2021,3,26.4,28.9,0,16.8,32.4,8,5.01
1/6/2021,2,26.2,28.2,0,16,29.5,12,4.75
1/7/2021,3,26.8,29.9,0,12,23,358,4.54
1/8/2021,2,27.4,30.1,0,13.7,30.6,16,4.9
1/9/2021,2,27.6,30.8,0,10.2,25.2,18,4.71
1/10/2021,51,27.7,31.3,0.3,10.3,23.8,23,4.46
1/11/2021,61,27.6,30.5,9.6,13.4,31.3,13,4.62
1/12/2021,51,27.3,30.4,0.8,13.5,30.6,25,3.97
1/13/2021,63,26.9,30.7,7.6,13,28.4,12,3.89
1/14/2021,63,27.1,30.7,6.2,14.9,29.2,16,3.99
1/15/2021,51,27.4,30.6,0.5,13.7,25.6,12,4.45
1/16/2021,53,27.2,30.1,0.7,16.7,32,20,4.52
1/17/2021,1,26.7,27.8,0,18.6,35.3,15,5.94
1/18/2021,1,26.2,27,0,16.1,32.8,3,5.73
1/19/2021,3,26.1,27.2,0,16.2,31.7,359,5.74
1/20/2021,1,26.4,28.6,0,15.1,28.1,13,4.33
1/21/2021,2,26.6,29.8,0,10.1,24.8,339,4.62
1/22/2021,2,27.1,30.4,0,12.6,27.4,344,5.23
1/23/2021,2,27.8,31.1,0,11.4,24.8,5,5.24
1/24/2021,2,27.7,31.5,0,11.2,24.1,281,4.82
1/25/2021,51,27.7,32.5,0.1,10.3,23.4,252,4.42
1/26/2021,51,27.8,32.4,1.4,12.1,27,212,4.59
1/27/2021,51,26.9,31.5,2.5,10.9,28.8,200,4.3
1/28/2021,51,26.9,30.8,0.3,14.5,32.4,314,4.47
1/29/2021,1,28.2,30.7,0,10,27,16,5.33
1/30/2021,1,28.2,30.4,0,14.9,32.4,23,5.68
1/31/2021,1,28.8,31.8,0,9.8,26.3,30,5.54
2/1/2021,1,28.7,31.9,0,14.2,31.3,355,5.61
2/2/2021,51,28.4,31.9,0.1,11.4,27.7,9,4.86
2/3/2021,53,28.3,32.5,4.8,9.1,27.7,35,4.27
2/4/2021,65,26.5,31.6,26.3,7.3,24.5,9,3.31
2/5/2021,63,26.3,31.6,11.5,6.5,20.5,29,3.39
2/6/2021,61,26.7,31.8,7.3,7.6,24.5,147,3.66
2/7/2021,55,26.8,32.2,1.3,8.4,23.8,253,4.13
2/8/2021,63,26.2,31.7,17.2,13.8,29.2,181,3.7
2/9/2021,63,25.7,30.8,16.1,14,29.2,152,3.24
2/10/2021,61,26.7,32.3,3.3,12,30.6,229,4.22
2/11/2021,2,27.5,31.7,0,10.7,22.7,30,4.54
2/12/2021,51,27.6,31.3,0.4,14.9,24.8,24,4.84
2/13/2021,51,27.6,31.4,0.3,14.7,29.5,23,4.56
2/14/2021,51,27.3,32.2,0.2,13.2,33.5,14,4.16
2/15/2021,61,26.8,32.4,5,8,23.8,95,4.25
2/16/2021,63,26.5,32.2,14.9,13.1,31.7,210,3.81
2/17/2021,63,26.8,32.3,7.7,11.4,27.7,280,3.57
2/18/2021,51,27.1,32.8,1.8,10,26.3,193,4.28
2/19/2021,51,27.7,33.7,1.3,9.4,19.4,250,4.61
2/20/2021,51,27.7,32.7,0.5,8,15.1,317,4.72
2/21/2021,1,27.8,31.4,0,11,26.3,22,5.23
2/22/2021,3,27.6,31.7,0,12.1,25.9,32,4.99
2/23/2021,51,27.1,30.8,0.1,10.5,20.5,212,4.29
2/24/2021,51,26.8,31.6,0.3,10.7,27.7,241,4.1
2/25/2021,53,27.8,33.4,1.3,7.2,26.3,300,4.79
2/26/2021,63,27.6,32.8,26.3,13.7,31.3,222,4.58
2/27/2021,63,26.7,31.5,10.4,15.4,29.9,281,2.87
2/28/2021,3,27.3,32,0,14.6,31,259,4.06
3/1/2021,51,28.2,33.3,0.4,10.1,23.8,250,4.71
3/2/2021,51,28.6,33.2,0.6,12.9,27.7,297,5.44
3/3/2021,55,28.1,33,4.9,8.4,26.3,142,4.71
3/4/2021,53,27.3,31.4,1.4,12.2,21.6,180,3.12
3/5/2021,3,28.1,32.8,0,11.4,28.8,211,4.77
3/6/2021,51,28.1,33,0.3,11.9,28.8,219,4.45
3/7/2021,51,28.5,32.9,0.2,12.5,29.2,198,4.75
3/8/2021,3,28.7,33.5,0,14,31,209,4.9
3/9/2021,61,27.6,32.5,5.2,11.5,30.2,189,4.57
3/10/2021,1,28.6,33.4,0,11.7,27.4,189,5.34
3/11/2021,51,28.3,32.9,0.5,12.3,30.2,268,5.13
3/12/2021,51,27.5,32.5,0.9,9.3,26.3,187,5.03
3/13/2021,51,28.2,33.3,0.4,8.7,22.7,271,4.64
3/14/2021,2,29.2,33.9,0,10.7,28.1,212,5.16
3/15/2021,51,28.7,33.3,0.3,13.1,28.8,278,4.84
3/16/2021,53,28.3,33.2,1.9,10,25.9,177,4.9
3/17/2021,63,27.4,32.6,17.7,11,28.4,126,4.32
3/18/2021,65,27.2,32.6,15,8.4,27,280,4.41
3/19/2021,1,28.1,33.8,0,9.2,24.1,244,4.96
3/20/2021,51,28.2,33.8,0.2,8.7,17.6,115,5.25
3/21/2021,63,27.7,33.4,7.9,9.7,28.8,133,4.7
3/22/2021,51,28.4,34.3,0.5,10.1,27.7,240,5.17
3/23/2021,61,27.8,33.5,6.2,9.7,24.5,213,4.4
3/24/2021,1,28.7,34.2,0,11,22.7,181,5.22
3/25/2021,51,29.2,34.5,0.2,16.5,35.3,238,5.93
3/26/2021,51,28.9,33.8,0.5,13,25.9,245,5.39
3/27/2021,51,28.9,33.7,0.1,15.9,30.6,262,5.45
3/28/2021,1,29,33.5,0,13.1,30.6,241,5.67
3/29/2021,2,28.9,33.5,0,15.1,32.8,217,5.66
3/30/2021,53,28.6,33.5,0.7,12.7,31,212,5.03
3/31/2021,1,29,33.5,0,15.4,32.8,232,5.47
4/1/2021,2,28.8,33.2,0,16.4,36,225,5.77
4/2/2021,1,29,33.3,0,14.2,33.1,209,5.57
4/3/2021,51,29.3,33.3,0.3,14.1,31.7,182,5.92
4/4/2021,2,29.5,33.5,0,14.5,32.8,190,6.06
4/5/2021,53,29.4,34.1,0.6,14.5,33.5,231,5.86
4/6/2021,1,29.6,34.2,0,14.9,32,272,5.38
4/7/2021,51,29.6,34.4,1,13,31.7,221,4.64
4/8/2021,51,29.9,34.4,0.2,13.8,32,213,5.28
4/9/2021,53,29.7,34.8,1.2,14.8,32.8,209,5.15
4/10/2021,61,29.4,34.9,3.7,13.7,31.3,227,4.34
4/11/2021,63,28.3,34.1,5.5,11.7,30.2,224,4.23
4/12/2021,51,29.3,35.1,1,11,26.6,214,4.96
4/13/2021,63,28.9,34.5,4,11.4,27.7,178,4.81
4/14/2021,53,28.9,34.4,1.6,9.8,27,168,4.95
4/15/2021,63,28.8,34.5,4.8,10.3,25.9,188,5.01
4/16/2021,63,27.8,33.7,27.5,12.1,31,191,4.04
4/17/2021,55,27.3,32.8,2.7,16.8,33.5,200,3.28
4/18/2021,63,27.6,33.6,7.1,13,31.7,161,3.88
4/19/2021,63,27.3,33.1,9.5,13.8,32.4,177,4.2
4/20/2021,63,27,32.6,23.6,12,27.7,180,3.89
4/21/2021,51,27.7,33.7,1.4,9.4,20.5,336,2.75
4/22/2021,63,28,34,7,13.6,28.4,107,3.54
4/23/2021,61,27.7,34.1,4.7,12.1,28.8,195,3.82
4/24/2021,53,28.8,35.1,0.8,6,19.4,199,4.6
4/25/2021,61,27.7,33.8,6.4,13,31,192,3.67
4/26/2021,63,27.8,33.8,4.4,8.4,18.7,178,2.6
4/27/2021,61,27.6,33.9,1.7,9.5,20.9,180,2.56
4/28/2021,53,27.5,33.6,5.7,12.9,27.4,224,3.18
4/29/2021,63,26.6,32,14.8,12,30.2,232,2.58
4/30/2021,63,27.3,32.4,11.6,16.8,36.7,235,2.58
5/1/2021,53,27.9,33,5.8,20.7,43.2,232,3.32
5/2/2021,53,27.4,32.9,4.9,14.1,33.8,217,2.82
5/3/2021,63,26.6,31.6,15.8,16.1,39.2,215,1.73
5/4/2021,61,27.9,33.4,4.1,14.7,32.8,217,3.35
5/5/2021,51,28.2,33.4,0.5,15,32.4,228,4.1
5/6/2021,2,27.8,32.5,0,14.5,30.2,210,4.67
5/7/2021,53,27.8,32.7,2.6,14.1,31.7,233,3.73
5/8/2021,51,28.3,33,0.5,17.6,36.4,257,4.87
5/9/2021,3,28.4,33,0,16.9,34.9,254,4.35
5/10/2021,51,28.3,33.3,1.5,18.6,37.8,215,3.86
5/11/2021,51,28.2,33.3,2.8,16.6,34.6,222,4.28
5/12/2021,53,27.3,33.1,4.5,14,32,205,3.28
5/13/2021,53,27.8,33.6,4,15.4,37.1,239,4.17
5/14/2021,53,27.8,33.8,3.7,13.6,34.2,228,4.09
5/15/2021,51,28.1,33.8,3.5,17.8,37.1,247,4.38
5/16/2021,53,27.3,32.7,4.2,16,36,215,3.32
5/17/2021,53,27.3,32.9,2.2,13.2,31.7,205,3.63
5/18/2021,55,26.9,32.2,3.1,15.7,33.1,194,3.59
5/19/2021,55,27.6,33.2,2.1,12.7,28.8,197,3.98
5/20/2021,51,27.9,33.3,1.3,14.2,29.9,201,4.12
5/21/2021,61,27.4,32.6,3.5,14.5,32,187,3.65
5/22/2021,51,27.7,32.6,0.9,15.6,36.4,177,4.25
5/23/2021,53,27.2,31.8,2.8,15.9,34.6,178,3.61
5/24/2021,63,27.1,32,10.5,14.1,30.6,202,2.67
5/25/2021,63,27.2,32.2,7.7,20.1,40.3,215,3
5/26/2021,53,28.1,33.2,1.2,13.9,28.1,219,4.22
5/27/2021,51,28,33.4,2.7,16,33.8,216,4.05
5/28/2021,53,27.8,33.5,4.3,15,31,236,3.75
5/29/2021,61,27.2,33,10,15.8,30.6,217,2.98
5/30/2021,61,27.5,32.5,7.5,16.6,33.1,216,3.75
5/31/2021,51,27.6,32.8,0.6,17.7,40,203,3.43
6/1/2021,51,28.4,33.6,0.6,15.6,41.4,210,4.45
6/2/2021,53,27.5,32.9,3.2,15.6,37.8,214,3.55
6/3/2021,63,27.1,32.9,7.6,18.4,41,264,3.22
6/4/2021,61,27,32.2,14.2,16.9,42.5,238,3.11
6/5/2021,63,26.9,31.9,18.9,19.4,38.2,215,3.08
6/6/2021,63,27,32.3,17,14.1,32.4,217,3.12
6/7/2021,61,26.8,31.9,15.9,18,41.8,223,2.85
6/8/2021,55,27.7,32.3,5,19.6,38.5,208,3.23
6/9/2021,63,26.8,31.5,16.2,22.2,44.6,204,2.96
6/10/2021,61,27.4,32.1,4.9,18.6,51.1,200,3.19
6/11/2021,53,27.8,32.8,3.2,17.7,42.5,223,3.87
6/12/2021,61,27.7,33.2,11.3,18.8,49.3,244,3.11
6/13/2021,63,27,32.6,20.5,16.2,46.1,255,2.91
6/14/2021,61,27.4,33.3,5.7,14.4,35.6,235,3.32
6/15/2021,55,27.4,33,8.9,14.5,33.5,248,3.35
6/16/2021,61,27.8,33.6,7.8,15.7,36,247,3.24
6/17/2021,63,28,33.5,10.4,17,40.3,255,3.25
6/18/2021,55,27.9,32.9,6.4,17.4,41.4,259,3.47
6/19/2021,61,28,32.9,5.6,20.5,46.8,257,3.79
6/20/2021,63,27.4,31.9,12.2,22,50,260,3.21
6/21/2021,61,27.5,31.9,7.1,20.5,50.8,270,3.18
6/22/2021,63,27.1,31.9,16.1,21.1,58,279,2.99
6/23/2021,53,27.7,32.6,3.5,21.3,43.6,258,3.58
6/24/2021,53,27.7,33.1,3,17.5,42.5,247,3.81
6/25/2021,53,27.3,32.4,3.2,16.8,36.4,233,2.94
6/26/2021,51,27.8,32.4,2.7,21.7,42.5,232,3.83
6/27/2021,53,27.7,32.1,3.7,19.5,39.6,241,3.77
6/28/2021,51,27.8,32.3,1.6,19.4,38.5,251,4.12
6/29/2021,51,27.8,32.4,2.5,21,41.4,254,4.21
6/30/2021,51,27.9,32.6,3.1,21.3,42.1,266,3.96
7/1/2021,51,27.8,32.1,2.3,20.6,40,226,3.93
7/2/2021,53,27.5,32.3,2,19.9,41,217,3.32
7/3/2021,53,27.4,32.3,2.6,18.5,39.2,214,3.67
7/4/2021,51,27.4,32.4,1.8,17.7,34.2,203,3.49
7/5/2021,51,27.8,32.6,1.5,19,39.2,205,3.96
7/6/2021,51,27.9,33.1,2,16.6,34.6,224,3.85
7/7/2021,51,27.8,33.1,2.3,16.2,32.8,227,4.2
7/8/2021,53,27.5,32.8,3.5,14.7,31,219,4
7/9/2021,61,26.7,31.9,5.4,14,31,199,3.44
7/10/2021,61,26.5,31.8,6.4,18.8,35.3,212,3.58
7/11/2021,53,27.4,32.9,2.9,13.9,29.5,238,3.77
7/12/2021,55,26.7,32.2,3.8,13.4,31.3,202,3.89
7/13/2021,61,26.8,31.8,4.2,13.7,29.9,191,3.87
7/14/2021,61,26.4,31.8,5,14.2,34.2,224,3.83
7/15/2021,51,27.1,31.8,2.7,20.5,37.4,262,3.9
7/16/2021,61,27.2,32.2,6.2,18,40.7,257,3.32
7/17/2021,61,27.2,31.2,20.6,22,52.6,258,3.46
7/18/2021,63,26.5,28.9,33.3,33,67.3,269,3.16
7/19/2021,53,27.1,29.9,4,27.1,68.8,284,3.88
7/20/2021,61,26.9,31.3,6.4,22.7,61.6,291,3.32
7/21/2021,61,26.6,31.5,15.1,18,49,281,3.19
7/22/2021,53,27.1,31.1,1.5,19.1,54.4,276,3.64
7/23/2021,51,27,31.9,0.5,18.1,51.8,267,4.19
7/24/2021,61,26.8,31.6,4,16.1,40.3,236,3.94
7/25/2021,63,26.1,30.9,10.6,16.4,35.6,224,3.03
7/26/2021,61,26.6,32,2.9,13.4,36,237,3.39
7/27/2021,3,27.1,31.7,0,15.5,32.8,247,3.86
7/28/2021,51,27.2,31.7,0.8,17.5,34.9,232,3.98
7/29/2021,51,27,31.5,1,16.1,34.9,227,4.13
7/30/2021,51,27.1,32,0.9,13.3,29.9,240,4.02
7/31/2021,51,27.2,32.1,1.7,16.5,32,233,3.79
8/1/2021,53,26.3,31.4,5.1,14.3,32.4,199,2.99
8/2/2021,53,26.8,31.8,3.2,16,32,191,3.29
8/3/2021,53,27,32.3,2.9,15.8,32.4,197,3.68
8/4/2021,51,26.7,32.2,2.2,13.7,29.5,204,3.23
8/5/2021,53,26.8,31.5,3.5,18.9,42.5,220,3.3
8/6/2021,53,26.8,31.7,4,15.5,41,205,3.29
8/7/2021,61,26.8,31.5,13.6,18.3,43.6,211,3.44
8/8/2021,63,25.9,30.8,12.3,20.3,46.1,237,2.15
8/9/2021,61,26.2,31.4,10.4,16.2,42.8,249,2.68
8/10/2021,65,26,31.3,29.5,25.2,51.8,271,1.99
8/11/2021,61,26.8,31.9,12.9,18.9,51.5,277,2.96
8/12/2021,61,27,31,6.5,26.8,53.3,282,3.63
8/13/2021,63,25.7,30,44.3,21.1,48.6,256,1.7
8/14/2021,63,26.8,31.8,11.6,18.7,52.9,278,3.38
8/15/2021,61,27.1,32.4,6.7,15.2,42.5,258,3.79
8/16/2021,61,26.6,31.3,18.5,18.9,38.9,269,2.75
8/17/2021,63,25.9,30.7,12.6,17.3,35.6,246,2.29
8/18/2021,53,26.2,31,7.6,17.7,34.9,223,3.31
8/19/2021,53,26.6,31.6,2.3,14.3,32.8,214,3.92
8/20/2021,61,26.2,31.2,11.4,12.8,34.9,216,3.59
8/21/2021,63,26.1,30.6,17.3,18.1,43.6,235,3.18
8/22/2021,63,25.5,29.9,19.1,18.8,44.3,236,2.3
8/23/2021,61,25.5,29.8,13.7,15.8,35.6,234,1.36
8/24/2021,55,26,30.5,7.1,18.5,39.6,221,2.88
8/25/2021,63,25.7,30.1,10.9,13.4,36.7,218,2.55
8/26/2021,55,25.9,30.3,6.8,16,39.2,218,2.18
8/27/2021,53,26.1,30.9,3.4,14.9,37.8,211,2.59
8/28/2021,55,26.5,31.3,5.1,14.7,39.2,236,3.12
8/29/2021,63,25.7,29.9,25.6,16.7,37.8,245,2.7
8/30/2021,61,26.7,30.8,5.9,16.5,45.4,241,2.73
8/31/2021,53,26.3,30.6,3.2,17.2,43.9,219,3.29
9/1/2021,53,25.4,29.8,7.2,17.8,40.7,209,2.82
9/2/2021,53,26.1,31.2,4,13.5,35.3,213,3.55
9/3/2021,53,26.4,31.3,4.4,14.8,32.8,202,3.66
9/4/2021,53,26.6,31.2,3.1,18.1,37.8,210,3.51
9/5/2021,51,26.4,31.4,2.8,12.9,34.9,201,3.28
9/6/2021,53,26.4,31.8,3.5,14.8,40.3,216,3.57
9/7/2021,51,27.2,32.8,1,16.1,41.8,253,3.87
9/8/2021,51,27.8,32.7,2,18.3,36.7,277,4.63
9/9/2021,51,27.5,32.9,1.8,18.1,45,269,4.36
9/10/2021,55,26.9,32.4,6.1,16.7,37.4,246,3.54
9/11/2021,63,25.8,30.6,15,15.9,37.1,222,2.65
9/12/2021,63,26,31,12.3,11.7,31.7,213,2.69
9/13/2021,63,26.1,31.1,7.9,14,29.9,197,3.34
9/14/2021,53,26.4,31.5,2.8,15.3,31.3,207,3.85
9/15/2021,63,25.4,30,17.4,13.6,32,203,2.31
9/16/2021,63,25.6,30.4,25.1,15.8,37.4,226,2.5
9/17/2021,53,26.1,30.9,5.1,14.5,34.9,217,3.57
9/18/2021,53,25.9,30.7,5.4,17.1,38.2,209,3.14
9/19/2021,63,25.8,30.3,10.3,17.8,35.6,206,2.84
9/20/2021,61,25.9,30.9,5.2,11.8,29.2,198,2.65
9/21/2021,55,26.3,31.4,7.6,12.6,29.2,205,3.31
9/22/2021,65,26.3,31.3,18.7,13.6,31.3,210,2.96
9/23/2021,63,25.5,30.5,32.1,12.5,30.6,237,2.29
9/24/2021,63,25.5,30.2,28.4,14,40.3,194,2.35
9/25/2021,63,25.1,29.5,16.4,11,31.3,167,1.24
9/26/2021,53,26.3,31.1,0.6,6.4,20.5,129,3.77
9/27/2021,53,26.7,32.1,1.2,8.6,23.4,354,4.26
9/28/2021,63,26,31.1,7,11.2,26.6,139,3.42
9/29/2021,55,25.9,30.9,6.6,7.4,22,189,2.99
9/30/2021,61,25.7,30.7,7.9,12.4,29.2,159,3.37
10/1/2021,63,25.8,31.4,10,14.5,27,174,4
10/2/2021,53,27,32.4,1,8.1,18,180,3.53
10/3/2021,63,26,31.2,23.4,11.8,27.4,177,3.11
10/4/2021,61,26.3,31.6,9.2,10.1,24.8,233,3.99
10/5/2021,63,25.8,31,7.1,13.2,30.2,171,3.83
10/6/2021,63,25.4,30.3,17.7,12.8,28.4,197,2.71
10/7/2021,61,25.6,30.7,13.1,14.8,34.6,256,2.82
10/8/2021,61,25.7,31,9.3,11.8,25.2,235,3.25
10/9/2021,61,26,31.2,13.2,12.7,29.2,205,3.42
10/10/2021,55,26,31.2,4.9,12,26.3,194,3.28
10/11/2021,63,25.7,30.8,11.6,10.3,25.2,172,3.27
10/12/2021,63,25.7,31.1,10,12.3,26.3,194,3.44
10/13/2021,65,26.3,32,54.7,9.7,25.9,283,4.13
10/14/2021,63,26.3,31.7,36.3,7.3,25.6,140,3.67
10/15/2021,65,25.7,30.5,60.4,16.6,34.6,188,2.78
10/16/2021,61,25.4,29.9,13.8,13.3,27.4,161,2.39
10/17/2021,53,26.1,31.1,1.8,11.8,27,169,2.85
10/18/2021,61,26.4,32.3,5.4,9.5,22.7,330,4.3
10/19/2021,63,26,31.3,11.1,9.4,24.1,168,2.77
10/20/2021,65,25.7,30.7,71.1,13,30.6,218,2.64
10/21/2021,63,25.5,30.7,17.4,15.3,31.3,278,1.89
10/22/2021,63,25.6,31.1,8.9,9.8,26.6,250,2.28
10/23/2021,55,26.5,31.9,5,10.3,31,235,3.7
10/24/2021,63,24.7,29.6,21.7,12.2,26.6,330,0.93
10/25/2021,53,25.8,30.5,3.9,10.4,20.9,161,3.05
10/26/2021,61,25.8,31.2,6.2,8,19.1,20,2.08
10/27/2021,63,25.9,29.7,11.1,14,28.1,347,2.64
10/28/2021,63,24.3,28.5,18.8,13.8,31,13,1.1
10/29/2021,63,24.9,28.6,23.6,19.6,36.7,142,1.93
10/30/2021,61,25.6,29.6,10.5,22.2,40,161,2.41
10/31/2021,55,25.5,30.7,4.1,11.9,27.7,329,3.03
11/1/2021,51,26.7,32.3,0.3,10.7,25.9,290,4.52
11/2/2021,55,26.4,31.9,5.3,6.9,20.9,18,3.65
11/3/2021,61,25.4,30.6,10,9.2,27,109,2.71
11/4/2021,61,26,31.4,3.5,8.4,19.8,349,3.87
11/5/2021,63,26.5,31.9,5.4,12.7,30.2,309,3.58
11/6/2021,51,26.7,31.7,1.2,13.3,27.7,304,4.07
11/7/2021,61,26.6,32,5.8,14,31.3,239,3.91
11/8/2021,55,26.4,31.3,6.7,13.8,31,199,3.7
11/9/2021,55,25.8,30.7,2.7,13.7,30.6,187,3.1
11/10/2021,63,25.7,30.9,15.4,13.5,32,182,2.87
11/11/2021,53,26.2,31.6,3.4,11.8,22.3,77,3.73
11/12/2021,63,26.4,32,6.4,8.7,23.8,34,3.85
11/13/2021,53,26.8,32.5,2,5.2,18,2,4.22
11/14/2021,53,27.1,32.8,1,8,20.5,223,4.31
11/15/2021,65,26.5,32.3,38.9,8.7,23.4,245,3.83
11/16/2021,63,26.3,31.9,8.4,10.1,28.1,350,3.45
11/17/2021,53,26.9,32.7,2.1,7.6,20.9,131,4.06
11/18/2021,61,26.7,32.2,6.1,9.7,22.7,183,3.98
11/19/2021,63,26.1,31.8,25.5,10.6,23.4,206,3.31
11/20/2021,51,26.6,31.9,1.2,7.4,17.6,309,3.65
11/21/2021,61,26.3,31.9,4.1,6.8,24.1,220,3.88
11/22/2021,63,26.4,32,12.8,8.1,20.2,111,3.24
11/23/2021,63,26.4,32,35.8,8,23,111,3.76
11/24/2021,61,26.3,32,7,5.6,19.1,315,2.57
11/25/2021,63,25.9,31.5,11.6,8,23.4,8,2.62
11/26/2021,63,26.7,32.3,6.2,7,27.4,30,3.62
11/27/2021,63,26.8,32.6,13,7.9,21.2,51,3.97
11/28/2021,63,26.7,32.4,19.3,8.4,26.3,23,2.98
11/29/2021,63,26.2,31.8,18.8,11.5,25.9,218,2.72
11/30/2021,63,25.3,30.1,46.8,13,24.5,179,1.26
12/1/2021,55,25.6,30.6,5.1,7.7,14,297,1.9
12/2/2021,63,26,31.1,9.1,10.8,24.5,18,3.04
12/3/2021,53,26.1,31.1,3.8,9.8,22,11,2.35
12/4/2021,65,25.9,31.3,27.6,8.8,23.8,25,2.32
12/5/2021,63,25.5,30.7,41.7,8.7,21.6,11,2.49
12/6/2021,63,26.1,31,8.2,13,25.2,23,1.86
12/7/2021,63,26.1,31.6,28.2,6.5,19.1,25,2.63
12/8/2021,61,26.7,31.4,5.5,10.4,22,30,3.65
12/9/2021,63,26.7,31.4,8.4,10.8,27,33,3.48
12/10/2021,61,25.9,31.1,8.5,7.1,22.3,38,2.83
12/11/2021,61,26.2,31.3,5.1,11.8,25.2,22,3.28
12/12/2021,51,26.3,31.4,2.2,7.4,24.5,33,3.51
12/13/2021,61,25.9,31.5,5.2,7.2,22.7,47,3.58
12/14/2021,53,26.3,31.7,2,7.9,23,288,3.74
12/15/2021,61,26,31,7.2,6.6,23.8,102,3.21
12/16/2021,2,26.3,31.3,0,7,18.4,84,4.02
12/17/2021,61,26.2,31.2,4.5,7.8,22.7,40,3.16
12/18/2021,63,26.4,31.3,9.8,8.2,20.5,45,3.06
12/19/2021,63,26.2,31.7,9.9,6.9,24.1,21,2.87
12/20/2021,65,25.4,30.5,74.3,7.6,27,360,2.27
12/21/2021,51,26.3,31.9,1.8,6.4,19.1,32,2.4
12/22/2021,65,26.2,31.4,62.1,11.7,27,19,3.42
12/23/2021,63,26.1,31,16.7,14.7,28.8,46,2.86
12/24/2021,61,26.3,32.1,4.3,8.2,25.6,339,3.42
12/25/2021,61,26.3,31.8,2.5,8.3,20.9,44,3.73
12/26/2021,53,26.7,31.7,1.4,8.6,18,353,4.11
12/27/2021,51,26.4,30.8,0.1,9.9,22.3,17,4.08
12/28/2021,51,26.7,30.9,0.1,10.8,24.1,6,4.12
12/29/2021,2,26.4,30.4,0,9.2,23.4,22,4.36
12/30/2021,51,26.7,31.6,0.3,7.9,17.6,198,3.92
12/31/2021,51,26.9,32.1,0.1,7.6,15.8,3,3.92
1/1/2022,51,26.9,32.4,1.1,6.5,20.2,307,3.93
1/2/2022,61,26.5,32.2,6.7,6.6,24.1,111,3.38
1/3/2022,51,27,32.7,1.1,8.7,20.5,243,3.98
1/4/2022,53,26.9,32.7,1.7,8.6,24.8,172,4.02
1/5/2022,51,27.3,32.7,0.2,7.5,19.1,204,4.08
1/6/2022,51,27.5,32.1,0.1,8.2,21.6,27,4.42
1/7/2022,2,27.4,31.6,0,11.6,22.3,27,4.17
1/8/2022,51,27,30.4,0.1,10.4,25.6,20,4.35
1/9/2022,1,26.6,29.7,0,11.9,25.6,17,4.74
1/10/2022,51,26.7,30,0.1,10.5,20.9,6,3.99
1/11/2022,1,26.9,29.5,0,19.7,38.5,13,5.17
1/12/2022,51,27.2,29.8,0.4,17.2,31.3,14,4.74
1/13/2022,0,26.2,27.2,0,17.1,37.1,9,5.79
1/14/2022,1,25.8,27,0,16.9,38.2,10,5.62
1/15/2022,3,26.6,28.9,0,11.3,25.2,12,4.25
1/16/2022,3,27.1,31.2,0,12.7,28.4,328,4.52
1/17/2022,51,27.2,31.9,0.3,7.2,18.7,34,3.95
1/18/2022,51,28,32.9,0.6,8.8,22,225,4.34
1/19/2022,51,28.3,32.8,0.3,8.1,22.3,358,4.15
1/20/2022,61,28.8,33,2.1,9.3,24.5,52,4.78
1/21/2022,51,28.7,32.8,0.5,10.7,26.6,32,4.63
1/22/2022,53,28.3,32.1,1.6,14.9,33.5,28,3.83
1/23/2022,61,28.9,33.3,1.4,10.7,26.6,21,4.35
1/24/2022,51,28.9,32.3,0.4,13.6,30.6,25,4.34
1/25/2022,3,28.3,31.3,0,14.8,30.2,15,4.36
1/26/2022,2,28.1,31.4,0,11.6,26.3,323,5.44
1/27/2022,2,27.2,30.7,0,13.2,27.7,262,4.26
1/28/2022,3,26.9,30.5,0,16.3,36,202,4.58
1/29/2022,1,27.3,30.9,0,12.8,28.1,254,4.99
1/30/2022,2,27.9,31.5,0,13.3,30.6,242,4.99
1/31/2022,1,28.4,31.9,0,16.6,36,239,5.34
2/1/2022,51,28.5,31.7,0.9,16.3,33.5,273,5.4
2/2/2022,51,27.6,31.7,1.1,11.2,25.6,255,4.19
2/3/2022,2,28.4,32.2,0,12,27,342,4.97
2/4/2022,51,28.9,32.7,0.6,11.9,26.6,274,5.3
2/5/2022,51,28.6,32.3,0.6,10.8,25.2,247,4.89
2/6/2022,1,28.2,32.2,0,14.1,29.2,257,5.27
2/7/2022,3,27.6,31.8,0,14.5,33.5,275,4.86
2/8/2022,2,28.1,32.2,0,15.2,34.6,236,5.09
2/9/2022,1,28.9,31.9,0,13.6,32,313,5.65
2/10/2022,2,28.8,31.1,0,10,27.4,14,4.98
2/11/2022,2,29.4,32.5,0,10.7,35.3,25,5.12
2/12/2022,63,29.1,32.5,3.3,14.4,33.8,23,5.29
2/13/2022,53,29.3,32.7,2.2,14.9,35.6,46,4.54
2/14/2022,61,28.4,33,3.1,7.9,24.8,115,3.56
2/15/2022,63,28.4,33.3,4.7,11.9,30.2,201,4.6
2/16/2022,51,28.1,33.4,0.8,9.6,27,296,4.59
2/17/2022,2,29.2,32.7,0,9.2,27.4,351,5.6
2/18/2022,2,28.2,30.5,0,12.6,28.8,266,5.09
2/19/2022,2,28.5,31,0,9.4,26.3,339,5.47
2/20/2022,3,29.6,33.3,0,9.1,28.4,55,5.38
2/21/2022,53,29.8,34,1.1,9.4,30.6,11,4.89
2/22/2022,61,29.3,33.4,4.7,10.2,30.6,33,4.51
2/23/2022,3,29.5,33.2,0,11.6,25.2,29,5.2
2/24/2022,51,29.7,33.5,0.3,13,27.7,203,5.57
2/25/2022,51,29.6,33.9,0.2,16.9,34.9,241,5.58
2/26/2022,51,29.5,33.8,0.9,17.7,37.8,241,5.56
2/27/2022,51,29.8,33.4,0.2,10.8,27,300,5.33
2/28/2022,51,29.9,33.2,0.4,13.4,32.8,259,6.03
2/29/2022,51,28.7,32.3,0.5,14,31.7,191,4.85
3/1/2022,2,29.2,33.4,0,16.4,34.6,279,5.88
3/2/2022,2,29,33.2,0,17,35.6,258,5.18
3/3/2022,1,29.1,33.2,0,17.3,37.8,261,5.79
3/4/2022,2,29.3,33.6,0,15.1,32.8,262,5.58
3/5/2022,51,29,33.9,0.5,11.3,30.2,209,5.4
3/6/2022,51,28.6,33.1,0.7,12,31.3,184,4.88
3/7/2022,51,28.4,33.3,1.2,14.3,30.2,193,4.95
3/8/2022,51,29.2,34.1,0.1,17,37.1,272,5.29
3/9/2022,51,29.6,34.3,0.1,18.1,40,244,5.67
3/10/2022,51,29.4,34.1,0.3,13.3,32.4,255,4.95
3/11/2022,51,29.2,34,0.3,15.5,35.3,235,4.89
3/12/2022,51,29.1,33.8,0.3,12.9,29.5,255,4.59
3/13/2022,51,29.4,34.4,0.4,14.8,34.9,252,5.47
3/14/2022,51,29.3,34.5,0.9,12.6,31.3,235,4.97
3/15/2022,51,29.2,34.3,1.6,10.4,32.4,234,4.73
3/16/2022,51,29.9,34.4,1.7,10.6,31.7,245,5.56
3/17/2022,63,28.4,34,6.4,10.5,31.7,256,4.09
3/18/2022,51,29.2,34.7,0.4,11.9,27.4,288,4.64
3/19/2022,63,28.2,34.1,14.2,15,34.2,267,4.59
3/20/2022,63,28.3,34,4.2,10.8,27.4,212,4.78
3/21/2022,51,28.4,33.6,0.6,10.4,25.6,186,5.14
3/22/2022,1,28.5,33.6,0,12.3,26.6,216,5.22
3/23/2022,3,29,34,0,13.8,29.5,209,4.92
3/24/2022,51,29,33.9,0.5,15.1,33.5,230,5.11
3/25/2022,51,28.4,33.2,1.1,13.4,27.7,256,5.01
3/26/2022,51,28.9,33.7,0.3,15.4,31,241,5.24
3/27/2022,2,29.1,33.7,0,16.3,34.9,240,5.53
3/28/2022,51,29.5,33.9,0.1,14.9,32.8,237,5.76
3/29/2022,51,28.6,33.4,1.3,11.8,31.3,209,4.42
3/30/2022,53,28.8,34,1,9.5,28.8,225,4.8
3/31/2022,51,28.9,34.1,1.1,11.8,31,205,4.99
4/1/2022,2,29.4,34.3,0,15.3,31.7,255,5.53
4/2/2022,3,29.3,33.8,0,17.9,37.1,202,5.96
4/3/2022,1,29.7,34.3,0,15.2,30.6,250,5.75
4/4/2022,61,28.7,33.8,5.5,13.3,33.5,243,4.69
4/5/2022,55,28.7,34.2,2.1,12.9,32.8,193,5.36
4/6/2022,51,29.1,34.5,0.7,10.5,24.8,199,5.08
4/7/2022,51,28.2,33.5,4.6,12.3,31,228,4.87
4/8/2022,53,28.2,33.8,3.4,14.8,32,234,4.75
4/9/2022,63,28.4,34.3,12.8,12.8,31.3,222,4.65
4/10/2022,61,28.4,34.4,1.9,8,22,202,4.91
4/11/2022,61,28.3,34.1,8.8,11.9,28.4,218,4.49
4/12/2022,63,28.1,34,8.1,11.9,28.4,245,4.76
4/13/2022,63,28.2,33.9,4.1,11.2,26.3,206,4.53
4/14/2022,63,27.6,33.3,10.8,8.6,23.4,127,4.43
4/15/2022,61,27.8,33.7,6,9.6,24.1,167,4.5
4/16/2022,63,27.9,33.6,8.2,13.4,30.6,153,4.59
4/17/2022,63,28.3,34.2,5.7,10.8,30.2,154,4.96
4/18/2022,63,28.7,34.8,4.2,8.1,26.6,145,4.85
4/19/2022,61,28.2,34.5,5.6,9.5,24.5,31,4.75
4/20/2022,63,28.8,35.1,6.6,10.8,26.3,340,5.16
4/21/2022,63,28.2,34.3,13.5,11.2,29.5,234,4.67
4/22/2022,63,27.5,33.4,6.4,11.2,25.9,168,4.01
4/23/2022,63,27.5,33.3,15.9,11.6,27.7,181,4.05
4/24/2022,53,27.2,32.6,6,13,29.2,213,3.36
4/25/2022,63,28.4,34.6,4.4,10.9,24.8,177,4.69
4/26/2022,55,28.1,33.9,1.9,16.6,34.6,204,4.1
4/27/2022,53,28.6,35,1.7,10.9,26.6,245,4.46
4/28/2022,61,27.9,33.5,5.4,12.3,27.4,177,3.91
4/29/2022,53,28.1,34.1,1,13.6,29.2,267,4.09
4/30/2022,51,28.2,34.3,1.7,14.3,31,197,4.11
5/1/2022,53,28.2,34.2,4.4,15.8,32.8,249,4.25
5/2/2022,51,29,35.1,1,13.4,29.5,263,4.71
5/3/2022,55,28.8,35.2,2.9,12.3,29.2,232,4.43
5/4/2022,61,28.1,34.1,8,12.4,28.1,206,4.1
5/5/2022,61,27.7,33.4,7.5,15.3,31.7,199,4.18
5/6/2022,55,27,32.4,8.5,17.3,35.6,172,2.29
5/7/2022,61,27.1,32.4,8.9,17,35.3,188,3.62
5/8/2022,55,27.4,33,3.8,12.3,29.2,197,3.5
5/9/2022,61,28,34.1,5.7,11.5,25.6,186,3.84
5/10/2022,63,27.9,34.1,23.3,9.2,24.8,169,4.13
5/11/2022,61,26.6,32.4,5.2,11.4,25.6,162,2.09
5/12/2022,63,27.5,33.5,16.3,8.7,27,156,3.86
5/13/2022,63,27.2,33.1,8,10.7,23.4,240,2.62
5/14/2022,55,28.2,34.6,3.3,9.4,22.7,226,4.67
5/15/2022,61,27.2,32.5,11.3,16.5,36.4,269,2.22
5/16/2022,61,28.8,34.6,6,17.5,37.8,288,3.47
5/17/2022,63,28.4,33.6,8.5,19.9,44.6,264,3
5/18/2022,63,28,32.6,18.8,25,52.9,263,2.79
5/19/2022,63,28,32.8,22.3,17.9,43.2,251,2.54
5/20/2022,53,28.2,32.6,4,23.3,48.2,243,3.83
5/21/2022,63,26.6,31.5,30,18.8,48.2,246,2.28
5/22/2022,61,27.1,32.6,13.6,12.2,35.3,219,1.58
5/23/2022,51,28.3,33.8,2.6,20.4,41,251,4.06
5/24/2022,55,28.1,34,4.7,19.1,39.2,263,3.41
5/25/2022,51,28,34,2.1,15.6,35.6,249,3.25
5/26/2022,53,27.5,33.6,7.6,13.8,34.2,228,3.48
5/27/2022,63,26.6,31.5,13.5,16.9,36,220,2.44
5/28/2022,61,26.7,31.4,11.5,16.4,34.6,210,2.53
5/29/2022,63,26.9,31.7,13.9,19.1,37.1,202,2.78
5/30/2022,53,27.7,32.6,5.4,19.2,38.2,208,3.83
5/31/2022,53,27.6,32.7,5.3,17.8,36.7,220,3.77
6/1/2022,55,27.3,32.7,4.3,15.8,32.8,216,3.52
6/2/2022,2,27.9,33.1,0,14.7,30.2,243,4.49
6/3/2022,51,27.8,32.8,0.4,13.8,31.7,212,4.71
6/4/2022,51,28,32.5,0.2,14.8,30.2,212,4.56
6/5/2022,61,27.2,32.1,8.5,18.9,38.9,223,3.99
6/6/2022,63,26.3,31.4,26.9,17.3,43.2,243,2.56
6/7/2022,63,26.2,31.3,31.6,18,38.9,264,2.16
6/8/2022,51,27.9,32.8,2.6,16.3,34.6,253,3.56
6/9/2022,53,28,33.4,3.3,17,37.8,252,3.58
6/10/2022,61,27.4,32.5,10.7,19.1,44.3,250,3.25
6/11/2022,61,26.9,31.8,9.7,20.5,41,238,2.58
6/12/2022,63,26.8,32.2,11,15.7,41.4,241,2.67
6/13/2022,53,27.4,32.9,6.2,17.5,37.8,262,3.64
6/14/2022,61,27.9,33.2,3.2,19.6,57.2,279,3.82
6/15/2022,53,28.1,33.7,4.7,19.4,51.1,262,4.12
6/16/2022,61,27.3,33,10.6,14.7,40.7,234,3.41
6/17/2022,63,27.2,32.9,11.9,15,40.3,239,3.2
6/18/2022,61,27.7,33.9,5,12.2,38.9,248,3.61
6/19/2022,53,27.9,32.9,1.9,23.6,46.1,280,3.56
6/20/2022,53,27.9,33.1,3.3,19.1,46.4,269,4
6/21/2022,55,27.5,32.3,6.2,19.4,45.4,278,3.39
6/22/2022,53,27.5,31.9,4.4,18.5,53.6,286,3.62
6/23/2022,55,27.7,33.2,1.6,14.8,34.2,277,3.97
6/24/2022,61,27.5,32.9,6.6,14.1,31.7,285,3.55
6/25/2022,55,26.5,31.7,11.2,18.1,37.8,278,2.98
6/26/2022,61,26.4,31.2,10.3,12.2,45.4,252,2.67
6/27/2022,53,27.1,32.5,3.8,16.3,38.2,283,3.73
6/28/2022,55,27.4,32.5,4.9,20.2,44.3,266,3.53
6/29/2022,63,26.8,31.8,17.6,18.9,36.7,248,2.79
6/30/2022,61,27.1,32.5,5.9,14.1,37.8,222,3.03
7/1/2022,53,27.1,32.7,2.6,11.9,31.7,228,3.21
7/2/2022,61,27.1,32.5,11.1,15.1,38.5,243,3.75
7/3/2022,55,27,31.6,6.2,19.6,41.4,250,2.99
7/4/2022,53,26.8,31.9,3.4,15.7,41,217,3.16
7/5/2022,53,27.6,32.5,2.9,18.1,38.5,217,3.93
7/6/2022,61,26.8,31.8,11.2,18.9,40.7,250,3.65
7/7/2022,61,27.2,33,3.6,13.4,39.2,257,3.77
7/8/2022,61,27.2,33,8.8,13.4,28.4,270,3.17
7/9/2022,63,26.9,31.7,9.9,18.4,36.7,269,3.29
7/10/2022,61,26.9,32.1,7.8,18.5,40,263,3.05
7/11/2022,63,26.3,31.6,8.2,14.7,37.1,232,2.5
7/12/2022,61,27,32.5,7.1,11.9,40.3,253,3.42
7/13/2022,55,27.1,32.2,5.4,17.1,37.8,247,3.26
7/14/2022,53,27.3,32.1,4,15.6,37.1,231,3.57
7/15/2022,55,26.7,31.5,8.6,17.8,36.4,227,3.16
7/16/2022,63,26.4,31.6,20.2,16.7,45.7,265,2.35
7/17/2022,51,27,32.2,0.5,18.3,40.7,283,3.19
7/18/2022,53,27.3,33,3.2,13.7,30.6,270,3.3
7/19/2022,61,27.3,33.1,3.1,9.9,20.2,273,3.39
7/20/2022,63,25.5,30.6,19.2,14.3,28.1,243,1.65
7/21/2022,53,26.6,31.5,2.6,15.6,33.1,190,3.91
7/22/2022,53,26.5,31.1,1.4,15.8,33.5,177,3.41
7/23/2022,63,25.8,30.1,17.8,18.1,35.6,190,2.91
7/24/2022,55,26.1,31,3.2,18.2,40,216,2.18
7/25/2022,61,26.2,31.4,14,14.3,38.9,249,2.63
7/26/2022,61,26.6,31.8,3.3,16.6,41,280,2.83
7/27/2022,51,27.1,32.1,0.6,16.9,34.9,278,3.03
7/28/2022,63,26.8,31.5,18.8,15.5,36.4,280,2.57
7/29/2022,63,26.6,30.8,12.1,22.3,56.5,274,3.26
7/30/2022,63,26.3,31.2,10.4,17.6,46.1,248,3.24
7/31/2022,61,26.7,31,8.9,20.1,43.9,252,3.42
8/1/2022,61,26.3,30.6,18.7,17.1,42.8,245,2.78
8/2/2022,61,26.3,30.7,14.7,17.1,46.1,249,3.25
8/3/2022,61,26.2,30.9,9.2,18.1,42.8,243,2.19
8/4/2022,63,26.5,31.2,10.4,21.1,47.5,245,2.99
8/5/2022,61,26.4,31.2,10.3,18.6,48.6,235,3.09
8/6/2022,63,25.6,30,39.8,22.1,47.9,247,2.18
8/7/2022,63,26.2,31.2,23.5,17.8,49,292,2.37
8/8/2022,63,26.3,31.2,24.9,17.6,50,276,2.81
8/9/2022,65,26,30.6,33.5,20.3,51.8,291,2.34
8/10/2022,53,26.5,31.3,4.2,18.4,46.1,263,3.67
8/11/2022,53,26.3,31.5,2.6,14.3,42.5,260,3.25
8/12/2022,51,26.8,32,0.6,15.9,34.6,262,4.33
8/13/2022,51,26.8,31.5,0.8,17.5,35.6,255,3.94
8/14/2022,51,26.9,31.5,1.1,16.3,34.2,256,4.26
8/15/2022,51,26.9,32.3,0.5,16.5,36.4,251,4.09
8/16/2022,51,27,32.5,0.2,11.3,27,257,4.39
8/17/2022,51,27,32.5,2.3,16.9,37.1,244,4.05
8/18/2022,51,27,32.4,1.3,15.2,32.8,254,4.45
8/19/2022,51,27,31.9,2.6,15.9,33.5,246,3.88
8/20/2022,51,27.1,32,2.4,18.4,37.1,251,3.84
8/21/2022,51,27.2,32.4,1.5,15.4,33.1,239,4.16
8/22/2022,51,26.9,31.8,3.2,14.2,29.9,214,4.09
8/23/2022,51,26.8,32.1,2,14.7,33.1,218,4.28
8/24/2022,51,27.1,33,0.3,13.3,28.4,238,4.26
8/25/2022,51,27.3,32.8,1.6,13.3,29.5,254,4.24
8/26/2022,51,27.2,32.7,0.9,15.1,33.5,227,4.32
8/27/2022,51,27.2,32.4,0.9,15.5,34.2,255,4.42
8/28/2022,51,27.2,31.9,1.3,15,33.8,251,3.76
8/29/2022,51,27.2,31.5,2.5,17.8,37.8,257,4.04
8/30/2022,53,27.2,32.5,3,16,36,261,3.92
8/31/2022,63,26.4,31.5,12.9,15.9,33.8,269,3.33
9/1/2022,63,25.4,30.3,31.3,13.3,31.7,268,2.16
9/2/2022,63,25.7,30.7,21.3,12.6,31.7,256,1.74
9/3/2022,63,26.2,31.7,9.4,13.4,42.5,232,3
9/4/2022,61,26.8,32.2,5.9,12,32.8,234,4.1
9/5/2022,63,25.9,31.1,13.6,13.9,35.3,219,3.05
9/6/2022,65,26,30.1,43.3,27.4,60.8,255,2.34
9/7/2022,53,26.5,31.2,1.4,14.4,30.6,271,2.44
9/8/2022,61,26.7,31.4,9,16.1,34.2,241,3.57
9/9/2022,63,25.4,29.9,17,13.1,45.4,231,1.63
9/10/2022,53,26.3,30.8,4.5,17.9,45.4,230,3.03
9/11/2022,53,26.4,31.1,3.5,16.3,42.5,226,3.17
9/12/2022,61,26.1,31,10.7,16.2,43.2,257,2.64
9/13/2022,61,26,30.7,7.3,15,39.6,255,2.01
9/14/2022,53,26.2,30.8,7.4,18.5,38.5,251,2.77
9/15/2022,63,26.3,31.3,9.9,15.1,39.6,255,2.59
9/16/2022,53,26.6,31.6,3,15.4,38.9,244,3.24
9/17/2022,55,26.5,31.1,4.7,18.5,40,248,3.28
9/18/2022,65,25.8,29.5,39.5,22.2,47.9,251,2.59
9/19/2022,63,26.6,30.4,10.7,24.8,56.5,255,3.52
9/20/2022,61,25.4,29.2,14.4,20.9,46.1,251,2.4
9/21/2022,61,25.7,30.4,13.1,17.9,46.1,239,2.8
9/22/2022,61,25.7,30.7,14.6,13.3,40.7,251,2.41
9/23/2022,61,26.4,31,5,20.1,40.7,267,2.79
9/24/2022,63,26.3,31.4,19.2,15.3,38.5,250,3.35
9/25/2022,61,25.5,30.7,9.1,9.5,26.3,200,2.12
9/26/2022,53,26.4,31.9,5.1,12.9,30.6,230,3.52
9/27/2022,53,26.7,31.7,2.1,14.4,31,236,4
9/28/2022,61,26.3,31.5,8.6,15.3,35.3,231,3.66
9/29/2022,61,25.7,30.5,15,16.3,36,231,2.49
9/30/2022,55,25.9,30.4,7.3,17,36.7,242,2.77
10/1/2022,51,27.1,31.4,1.4,20.8,41,260,4.37
10/2/2022,53,26.6,30.9,5.4,20.7,40.3,253,3.9
10/3/2022,51,26.8,31.1,1.8,17.6,45,261,3.87
10/4/2022,51,26.6,31.2,1.7,19.4,45,277,3.65
10/5/2022,51,26.5,31.1,0.7,19.1,38.2,283,4.06
10/6/2022,51,26.7,31,2.9,18.4,36,264,3.53
10/7/2022,53,26.7,31.4,1.1,15.9,32.8,279,3.78
10/8/2022,51,26.7,31.4,1.1,15.6,32.4,250,3.39
10/9/2022,61,26.2,31.4,5.2,14.5,35.3,241,3.09
10/10/2022,53,26.9,31,3.3,22,43.6,254,3.79
10/11/2022,61,26.1,30.4,15,18.4,50.8,259,2.88
10/12/2022,61,27,31.2,7.3,20.7,55.8,252,3.55
10/13/2022,61,26.4,30.4,8.2,22.9,54.7,243,3.21
10/14/2022,61,26.2,30.5,8.1,23.8,56.9,262,2.99
10/15/2022,61,26.5,31.1,10.6,18.9,50.4,255,2.92
10/16/2022,51,26.5,31.4,1.9,18.5,46.1,273,3.57
10/17/2022,51,26.7,31.1,1.1,18.4,38.2,274,3.97
10/18/2022,51,26.6,31.4,1.8,17.7,36,284,3.84
10/19/2022,51,26.8,31.6,3.4,17.7,35.3,273,3.29
10/20/2022,51,26.8,31.3,2.7,20.6,41.4,251,3.9
10/21/2022,53,26.7,31.6,3.2,16.3,42.1,251,3.29
10/22/2022,51,26.8,31.6,2.8,18.3,44.3,258,3.21
10/23/2022,53,26.6,31.7,3.6,15.1,39.2,263,3.68
10/24/2022,55,26.4,31.8,2.7,15.9,41.4,262,3.13
10/25/2022,53,27.1,32.7,2.5,15.2,33.1,279,3.85
10/26/2022,51,26.9,32.4,1,13.2,28.4,293,3.67
10/27/2022,51,27.1,32.8,2.2,11.5,26.3,287,3.32
10/28/2022,51,26.6,32.1,1.3,13.8,31.3,279,3.87
10/29/2022,55,26.7,32.2,2.7,14.4,31,289,3.67
10/30/2022,51,26.9,32.1,1.5,13.2,28.4,306,3.7
10/31/2022,51,27.2,32.5,2.7,13,28.1,268,3.68
11/1/2022,51,27.1,32.5,0.1,10.5,24.5,266,4.04
11/2/2022,2,27.5,32.7,0,11.2,25.2,288,4.2
11/3/2022,51,27,32.2,1.1,12.6,27.4,323,4.23
11/4/2022,63,26.8,32.1,5.7,11.2,25.6,343,3.76
11/5/2022,65,26.2,31.6,14.1,11.2,25.6,26,3.5
11/6/2022,61,26.6,32.5,8.6,7.7,22.7,27,3.88
11/7/2022,63,26.6,32.4,8.9,9.7,24.1,166,4.02
11/8/2022,63,26.2,31.7,11.2,10.4,26.3,15,3.54
11/9/2022,61,26.5,31.1,11.8,15.3,32.4,19,3.71
11/10/2022,53,26.1,31.1,3,8.2,19.4,24,2.57
11/11/2022,63,26.2,31.8,5.8,9,23.8,35,3.48
11/12/2022,65,26.4,32,14.6,8.5,20.9,133,3.2
11/13/2022,65,26.7,32.5,46.3,8.1,20.5,358,3.46
11/14/2022,63,26.8,32.6,6.4,7.3,21.2,26,3.63
11/15/2022,63,26.5,32.2,16.3,10.7,33.5,168,3.75
11/16/2022,63,26,31.5,19.4,9.5,29.5,54,2.11
11/17/2022,61,26.1,30.7,13.4,13.2,29.9,135,2.31
11/18/2022,61,26.6,31.5,6.9,12,20.5,142,3.45
11/19/2022,63,26,31.1,6.5,8.9,22,147,2.97
11/20/2022,65,26,31.4,73.2,9.3,24.1,204,3.7
11/21/2022,55,26.8,31.5,3.1,11.7,28.4,17,3.56
11/22/2022,51,26,29.6,0.7,15.1,30.2,11,3.65
11/23/2022,51,25.3,28.6,0.6,16.9,35.3,356,3.04
11/24/2022,51,26.3,30.2,2,22.5,41.4,340,3.35
11/25/2022,53,26.2,31.2,2.1,13.7,37.8,280,3.08
11/26/2022,53,26.6,31.2,1.9,15.8,32,225,3.69
11/27/2022,51,26.2,30.9,0.8,11.6,26.3,199,3.86
11/28/2022,2,26.8,32,0,5.8,15.5,256,4.43
11/29/2022,2,27.2,32.2,0,8.1,20.2,23,4.18
11/30/2022,51,27.3,31.7,0.1,11.7,27,8,4.29
12/1/2022,53,26.1,29,2.1,21.7,41.4,7,3.91
12/2/2022,63,25,28.1,18.3,25.5,49.3,329,1.4
12/3/2022,51,26.7,31.1,2.3,20.5,49,286,3.38
12/4/2022,63,26.4,31.1,11.7,15.2,41.4,280,2.92
12/5/2022,61,25.3,29.9,3.8,14.1,32.8,331,2.53
12/6/2022,51,25.8,31.2,0.9,9.5,21.6,221,3.93
12/7/2022,51,26.8,32.1,0.2,8.1,18.4,167,4.55
12/8/2022,63,26.3,31.7,5.3,7,22.7,312,3.7
12/9/2022,53,26.7,32.1,1.7,7.3,21.6,22,3.68
12/10/2022,61,26.3,31.2,7.5,7.7,20.2,60,3.28
12/11/2022,1,26.4,30.4,0,11.9,27,14,4.46
12/12/2022,1,26.2,29.9,0,11.2,22,359,4.31
12/13/2022,2,26.2,29.9,0,11.2,24.1,4,4.65
12/14/2022,3,25.9,28.6,0,16.2,31,9,4.98
12/15/2022,53,25.6,30.3,3.4,7.9,17.6,74,3.37
12/16/2022,53,26,30.8,1.2,7.3,18,109,3.64
12/17/2022,61,25.8,31.1,3,7.9,18,350,3.81
12/18/2022,61,25.8,30.8,8.1,8.2,21.2,356,3.58
12/19/2022,53,25.8,30.5,5.4,10.2,25.2,21,2.57
12/20/2022,53,25.4,29,3.6,15.7,31.7,17,2.35
12/21/2022,63,24.5,28.1,28.2,14.6,34.2,15,1.79
12/22/2022,55,24.3,28.2,9.1,15.7,32,14,1.59
12/23/2022,63,24.9,29.4,9.7,11.8,26.3,27,1.8
12/24/2022,55,26.1,31,4.1,8.7,24.1,6,3.62
12/25/2022,1,26.4,30.5,0,10.7,22.7,12,4.27
12/26/2022,53,26,29.1,3.3,14.9,30.6,11,4.28
12/27/2022,53,24.9,28.4,2.6,17,32,5,2
12/28/2022,63,25.6,30,28.5,11,25.2,15,3.49
12/29/2022,63,26,31,10.7,9.3,19.8,42,2.96
12/30/2022,51,26.4,31.5,0.3,7.8,19.4,10,4.04
12/31/2022,63,25.6,30.8,30.4,8.4,23.4,349,2.91
1/1/2023,61,25.6,30,6.8,9.4,23.8,30,2.91
1/2/2023,51,26.3,30.7,1,9.9,24.1,15,2.94
1/3/2023,63,26.1,31.6,7.8,6,19.4,37,2.91
1/4/2023,63,25.7,31,23,8.2,22.7,327,2.98
1/5/2023,63,25.6,31.2,8.8,10.5,23,137,3.25
1/6/2023,61,25.7,30.7,7,11.6,23,152,3.4
1/7/2023,51,26.5,31.7,1.4,6.2,15.1,221,2.76
1/8/2023,63,25.8,31.4,18.6,5.2,16.9,343,2.11
1/9/2023,61,25.5,30.7,11.6,8.6,21.6,22,2.16
1/10/2023,63,25.1,29.7,32.3,11.2,23.4,7,2.63
1/11/2023,63,24.8,28.8,12.4,17.7,35.3,16,1.49
1/12/2023,63,25.7,30.8,14.9,11.7,29.5,105,2.95
1/13/2023,65,24.8,29.7,38.7,15.3,32,134,1.51
1/14/2023,63,25.7,31.3,12.5,5.4,20.2,123,3.23
1/15/2023,61,24.9,30.3,17.6,5.4,16.2,12,1.54
1/16/2023,61,25.7,30.8,3.3,6.6,19.1,126,2.71
1/17/2023,61,26.4,31.3,4.8,7.2,20.2,25,3.76
1/18/2023,63,25.4,29.3,9.4,14.8,28.1,13,3.4
1/19/2023,2,25.7,28.5,0,16.1,33.8,3,4.02
1/20/2023,2,26,30.1,0,16.9,34.9,3,3.97
1/21/2023,53,26.4,32.1,1.9,9.7,24.8,199,3.98
1/22/2023,51,26.7,32,1.5,9,23.4,224,4.19
1/23/2023,51,26.2,30.8,0.2,8.8,20.2,28,4.39
1/24/2023,2,26.1,29.8,0,8.8,21.6,11,4.55
1/25/2023,2,25.9,29.1,0,10.5,21.2,7,4.4
1/26/2023,2,25.1,26.9,0,12.9,27.7,18,4.5
1/27/2023,2,25.6,27.4,0,16.2,32,18,5.18
1/28/2023,3,26.5,29.5,0,10,24.1,19,4.68
1/29/2023,51,25.2,28.9,0.5,13.8,31.3,21,3.28
1/30/2023,65,25.8,30.7,15.4,9.8,22.7,20,3.04
1/31/2023,63,25.9,31.3,32.5,6.7,23.4,26,3.39
2/1/2023,61,26.4,30.3,3.5,13,27.4,17,4.08
2/2/2023,55,26.9,30.8,1,12.1,27.7,20,4.21
2/3/2023,51,26.4,29.5,0.3,14.5,29.5,20,3.66
2/4/2023,1,26.4,28.9,0,15,28.8,19,4.93
2/5/2023,2,26.1,28.7,0,14.2,30.2,14,4.01
2/6/2023,51,26.7,30.3,0.2,14.7,28.4,15,3.99
2/7/2023,55,26.5,30.1,1.8,15.1,27.4,10,3.64
2/8/2023,51,26.7,29.3,0.2,19.2,38.9,15,4.48
2/9/2023,2,26.3,27.9,0,20.2,35.6,8,5.67
2/10/2023,2,25.7,27.2,0,15.3,29.9,2,5.62
2/11/2023,3,25.9,27.7,0,15,27.7,358,4.95
2/12/2023,2,27,30,0,11.6,23.8,352,5.55
2/13/2023,2,27.6,31.2,0,9.7,22,355,4.88
2/14/2023,1,27.8,31.7,0,9.4,25.2,343,5.02
2/15/2023,0,28,31.6,0,11.1,29.2,314,5.58
2/16/2023,2,27.3,31.5,0,13.1,30.6,280,4.66
2/17/2023,1,27.8,31.7,0,15.5,34.6,248,5.46
2/18/2023,1,27.9,31.6,0,12,27.4,298,4.97
2/19/2023,51,27.8,32.3,0.8,12.2,25.9,12,4.72
2/20/2023,53,28,33,1.3,10.6,28.8,276,4.68
2/21/2023,61,27.8,32.5,2.8,12.2,28.8,323,4.73
2/22/2023,53,28.3,32.8,1.8,11.2,33.5,63,5.15
2/23/2023,51,28.4,32.5,0.4,10.3,28.4,23,5.08
2/24/2023,3,28.2,32.7,0,8.8,24.5,282,5.01
2/25/2023,51,27.8,32.5,0.3,11.3,27.7,257,4.86
2/26/2023,51,27.8,32.1,0.6,14,32,225,5.01
2/27/2023,51,27.5,31.8,0.2,13,29.9,243,4.86
2/28/2023,3,28.3,32.6,0,14.6,32.4,207,4.92
3/1/2023,53,27.1,31.5,3.7,14.1,30.6,257,3.83
3/2/2023,1,27.3,31,0,11.4,24.5,217,5.32
3/3/2023,51,27.3,31,0.6,11.3,29.2,213,4.77
3/4/2023,2,28.1,32.4,0,14.3,29.9,263,5.09
3/5/2023,2,28.9,33.2,0,8.7,21.2,243,4.97
3/6/2023,63,28.2,33.3,3.7,7.5,29.9,191,4.27
3/7/2023,63,27.4,32.7,4,9.8,27.7,205,4.79
3/8/2023,65,26.6,32.1,61.2,12.6,33.8,257,4.07
3/9/2023,51,27,32.6,0.9,7.3,20.5,309,4.72
3/10/2023,63,26.2,31.6,21.3,12,25.6,157,3.9
3/11/2023,55,25.8,30.7,4,9.2,25.9,326,2.54
3/12/2023,63,27.1,32.7,5.6,7.6,27.4,78,4.73
3/13/2023,51,27.6,33.2,0.2,8.3,18.7,297,4.94
3/14/2023,61,27.5,33.1,2.4,7,22,82,4.84
3/15/2023,51,27.6,32.9,0.6,8.7,24.8,321,4.71
3/16/2023,61,26.9,32.3,5,11.4,26.3,211,4.68
3/17/2023,51,27.4,32.9,0.4,7.6,22.3,167,5.02
3/18/2023,51,27.3,32.1,1.3,8,18.4,199,3.83
3/19/2023,63,26.7,31.8,8.4,7.3,23.8,170,3.36
3/20/2023,61,26.4,31.8,1.8,8.7,22.3,181,3.32
3/21/2023,53,26.7,32.2,5.4,12.5,28.1,173,4.09
3/22/2023,63,27.1,32.5,7.3,6.8,23.4,144,4.43
3/23/2023,65,26.9,32.6,13.9,10.5,28.1,132,4.62
3/24/2023,63,26.6,32.2,37.8,10.8,31.3,185,3.79
3/25/2023,61,26.4,31.8,7,7.3,22.7,108,2.35
3/26/2023,63,26.8,32.6,16.5,7.5,23.4,181,4.39
3/27/2023,65,26.9,32.5,46.2,9.1,22.3,158,3.73
3/28/2023,63,26.1,31.1,22.5,10,18.4,164,2.44
3/29/2023,61,26.3,31.3,5.7,12.2,25.2,167,3.79
3/30/2023,51,27.6,33,0.2,10.1,27.4,263,4.11
3/31/2023,51,27.8,33.3,1.4,14.3,29.5,223,4.3
4/1/2023,53,27.9,33.4,1.6,15.4,33.8,240,4.34
4/2/2023,53,27.9,33.5,2,18.3,36.4,260,3.66
4/3/2023,51,27.4,32.5,0.2,17.7,35.3,268,4.46
4/4/2023,2,27.3,32.8,0,13.1,29.2,268,5.24
4/5/2023,3,28,33.7,0,12.8,25.6,247,4.96
4/6/2023,53,27.8,33.5,2.2,8.9,26.3,173,4.96
4/7/2023,53,27.2,32.5,1.5,10.7,23.8,182,4.92
4/8/2023,51,27,32.8,0.6,12.4,29.2,211,4.76
4/9/2023,51,27.2,32.6,0.3,11.8,26.3,191,4.93
4/10/2023,51,27.4,32.8,1,9.8,22.3,165,4.94
4/11/2023,53,27,32.2,1.2,7.6,18.7,127,3.31
4/12/2023,61,27.2,32.9,6.7,8.7,26.3,142,4.56
4/13/2023,61,26.8,32.5,5.1,9.3,27.4,138,4.53
4/14/2023,61,27,32.5,4.3,11.4,25.6,171,4.36
4/15/2023,63,26.7,32.2,9.7,10.6,30.2,182,4.02
4/16/2023,63,26.6,31.7,10.4,12.5,29.2,198,3.8
4/17/2023,61,26.9,32.4,10.2,10.2,25.6,191,3.53
4/18/2023,61,26.4,31.6,5,13.8,29.9,196,3.19
4/19/2023,51,27.1,32.6,2.2,15.7,33.1,230,4.24
4/20/2023,53,27,32.5,3.6,14.3,29.5,237,3.91
4/21/2023,61,26.8,32.6,3.2,14.7,37.1,222,3.84
4/22/2023,55,27.2,33.3,4.9,11,26.3,227,4.32
4/23/2023,53,27,32.8,4.2,13.8,29.9,243,4.02
4/24/2023,51,27.5,33.7,1.2,11.6,25.9,214,4.23
4/25/2023,55,27.4,33.4,4.6,10.2,26.6,179,4.47
4/26/2023,53,27.7,33.5,1.8,11.7,27,190,4.37
4/27/2023,51,28,33.6,1.7,12.8,28.4,205,4.66
4/28/2023,55,27,32.7,3.8,14.2,29.2,196,3.99
4/29/2023,51,26.9,32.8,2.9,12.9,27.4,214,4.01
4/30/2023,61,27.4,33.5,4.1,9,23,190,4.31
5/1/2023,63,27.1,32.8,9.5,10.4,24.5,177,3.17
5/2/2023,63,27.6,33.5,8.7,9,23.8,126,4.68
5/3/2023,65,26.8,32.5,52,10.2,28.1,218,3.81
5/4/2023,61,26.8,32.5,3.7,9.4,24.1,228,3.17
5/5/2023,61,27.5,33.3,5.1,6.9,21.6,152,4.43
5/6/2023,61,27.3,33.1,4.5,10,26.3,155,4.12
5/7/2023,53,27.2,32.9,3.3,10.9,23.4,120,4.02
5/8/2023,63,27,32.7,10.6,7.9,21.2,165,3.99
5/9/2023,61,27.2,33.1,15.4,9.5,23.8,165,3.88
5/10/2023,63,26.7,32.3,21.1,13,27,174,2.83
5/11/2023,61,27.5,33,5.7,12.8,27.7,216,3.88
5/12/2023,63,26.7,31.9,58.1,17.3,38.9,226,3.09
5/13/2023,63,26.1,31.7,33.5,17,40.7,271,1.54
5/14/2023,63,27.5,32.4,8.3,16.9,38.5,297,2.87
5/15/2023,61,28,33.9,3.7,7.7,28.1,271,2.54
5/16/2023,51,27.8,33.8,2.3,15.2,32,275,3.77
5/17/2023,51,28.1,34.4,0.5,13.4,28.1,257,4.79
5/18/2023,51,28.3,34.2,1,10.8,26.3,239,4.4
5/19/2023,51,27.9,33.5,2.5,14,31,224,4.1
5/20/2023,61,27,32.3,12.3,15.6,36,221,3.12
5/21/2023,61,26.6,31.8,8.3,17.4,36.7,197,2.89
5/22/2023,63,26.6,31.7,15.4,18.5,42.5,226,2.83
5/23/2023,63,26.6,31.3,13.8,17.4,40.7,227,2.94
5/24/2023,63,26.1,30.4,42.1,19.4,48.6,238,2.1
5/25/2023,65,26,29.1,42.3,25.6,56.5,237,1.68
5/26/2023,55,27.5,30.3,4.6,27.5,64.4,264,4.11
5/27/2023,53,27.6,31,5.7,27.4,58.3,265,3.72
5/28/2023,53,27.6,32.3,5.7,22.7,48.2,274,3.65
5/29/2023,61,27.6,32.3,5,21.4,47.9,278,3.4
5/30/2023,53,28,32.4,4.6,23,46.1,281,4.05
5/31/2023,53,27.7,32,4.7,22.4,46.1,277,3.83
6/1/2023,53,27.5,32.6,2.6,18,40.7,273,3.69
6/2/2023,53,27.3,33.1,5,15.6,35.6,263,3.91
6/3/2023,61,26.4,31.8,21,14.7,32.8,242,3.17
6/4/2023,63,26.2,31.5,23.6,13.6,34.6,257,2.64
6/5/2023,63,26.2,31.6,12.4,12.1,36.4,260,2.67
6/6/2023,51,27.4,32.5,2.1,17.8,35.3,252,4.08
6/7/2023,53,26.7,31.7,7,15.3,32.4,230,3.64
6/8/2023,63,25.7,30.2,46,17.3,36,235,2.36
6/9/2023,63,26.6,31.6,10.1,16.9,37.1,249,2.35
6/10/2023,53,27.3,31.8,2.5,19.9,41,252,3.81
6/11/2023,51,27.4,31.8,2.8,19.7,39.2,259,4.09
6/12/2023,55,26.9,31.6,5.5,21.8,45.7,261,3.35
6/13/2023,61,26,30.3,15.7,19.7,44.6,256,2.75
6/14/2023,51,27,31.2,1.7,19.4,44.3,265,3.17
6/15/2023,51,27.2,31.4,3.2,20.4,45.7,251,3.73
6/16/2023,53,27.2,31.7,3.4,21.3,49,268,3.95
6/17/2023,51,27,32.6,2.8,15.8,47.9,276,3.66
6/18/2023,51,27.3,32.9,0.8,14.4,42.1,281,4.03
6/19/2023,51,27.4,32.6,1.1,17.5,40,292,4.03
6/20/2023,51,27.3,32.2,1.9,20.5,41.4,288,3.85
6/21/2023,51,27.4,32.1,1.5,21.6,41.4,270,4
6/22/2023,63,26.5,31.4,10.5,16.4,38.9,239,2.99
6/23/2023,63,25.9,30.3,17.3,21.6,40.3,217,2.91
6/24/2023,61,26.8,31.8,4.1,16.2,40,246,3.25
6/25/2023,61,27.4,31.9,3.5,19.5,41.8,256,3.93
6/26/2023,53,26.6,31.2,7,17.1,42.5,248,3.36
6/27/2023,61,26.6,31.3,9.1,16.8,43.9,245,3.21
6/28/2023,53,26.7,32,2.8,15.5,32.8,250,3.49
6/29/2023,51,26.8,31.9,3,14.6,34.6,207,3.84
6/30/2023,53,26.8,32.1,3.7,13.8,31.3,209,3.79
7/1/2023,63,25.8,30.3,26.6,20.6,40.7,215,2.99
7/2/2023,55,27,32.2,5.2,16,40.7,243,3.32
7/3/2023,63,26.4,31.7,17.5,12.6,31.7,245,3.17
7/4/2023,63,26.4,31.2,25.9,17.1,33.1,270,2.8
7/5/2023,61,26.8,31.8,9.7,17.5,36,265,3.84
7/6/2023,51,27,32,2.8,14.8,33.8,239,3.55
7/7/2023,61,26,31.1,13.6,14.2,31.7,222,3.26
7/8/2023,53,27,31.6,5.5,17.7,37.1,245,3.44
7/9/2023,63,25.8,29.4,46.3,27.5,57.6,247,2.57
7/10/2023,63,26.6,29.7,10.7,25.4,62.3,276,3.32
7/11/2023,53,26.7,30.6,3.4,22.8,58.7,265,3.33
7/12/2023,53,26.8,31.3,1.4,22.7,60.1,269,3.42
7/13/2023,51,27.1,31.9,1.6,19.5,52.6,272,3.96
7/14/2023,53,27,32.3,2.4,18.8,54.4,276,3.7
7/15/2023,51,27.1,32.5,1.8,16.9,34.9,264,3.51
7/16/2023,61,26.9,32.5,4.8,15.5,46.8,260,3.58
7/17/2023,51,27.3,31.8,2.4,18,36.4,277,4.01
7/18/2023,53,27.3,30.7,2.1,25.9,52.6,267,4.04
7/19/2023,51,27.2,31.4,2.2,18.7,43.6,263,3.92
7/20/2023,51,27.4,31.6,1.8,19.5,41.4,266,4.05
7/21/2023,53,27.3,31.2,3.5,23.4,45.4,273,3.92
7/22/2023,63,26.8,30.5,11.6,23.5,49.7,257,3.35
7/23/2023,63,25.7,29.9,20.8,20.1,49.7,240,2.68
7/24/2023,61,25.9,30.7,9.3,17,37.1,237,2.41
7/25/2023,63,26,30.3,19.2,19.8,41.8,258,2.55
7/26/2023,61,25.9,30.4,8.8,18,41.4,252,1.83
7/27/2023,53,27,31.5,2.3,20.4,43.9,258,3.64
7/28/2023,63,26.5,31.6,8.8,16.7,38.5,267,3.41
7/29/2023,51,27.1,32,0.3,19.5,39.2,264,3.74
7/30/2023,51,27.2,32,2.5,18.4,45,266,3.98
7/31/2023,53,27,31.6,4.5,21.3,42.5,269,4.09
8/1/2023,51,27,31.7,2.8,19.8,45.7,262,3.55
8/2/2023,53,26.8,31.4,4,19.1,46.1,248,3.46
8/3/2023,53,26.9,31.4,2.1,18.4,41.4,262,3.72
8/4/2023,53,27.1,31.8,2.6,17.6,43.9,253,3.51
8/5/2023,55,26.7,31.4,6.8,18.4,42.5,249,3.49
8/6/2023,61,26.1,30.5,14,20.8,45.7,249,2.88
8/7/2023,55,26.8,30.6,5.1,23.6,47.9,269,3.23
8/8/2023,63,26.3,30.5,13.4,19.8,41.4,251,2.66
8/9/2023,61,26.1,30.9,14.6,15.6,42.5,238,3.25
8/10/2023,53,26.8,31.3,1.5,18.4,42.1,262,3.72
8/11/2023,63,26.7,31.2,17.2,15.9,40.3,261,2.85
8/12/2023,63,26.6,31.1,9.9,21.3,49.7,270,3.13
8/13/2023,61,26.8,31.4,6.4,16.6,34.2,271,3.14
8/14/2023,51,27,31.4,0.1,21.5,46.4,278,4.01
8/15/2023,51,26.7,31.1,1.8,17.3,38.5,270,2.83
8/16/2023,53,26.8,31.7,3.2,18,38.5,251,3.75
8/17/2023,53,26.3,31,4,17.4,38.2,234,3.11
8/18/2023,55,25.9,30.6,5.1,15.6,40.3,249,2.89
8/19/2023,51,26.4,31,0.3,15.5,33.1,261,3.54
8/20/2023,53,26.6,31.5,3.8,14.9,31,252,3.81
8/21/2023,63,25.9,31.3,10.3,9.7,28.4,210,2.77
8/22/2023,55,26,30.8,2.7,10.5,23.4,204,2.91
8/23/2023,51,26.2,30.9,1.9,13.8,30.6,202,3.98
8/24/2023,53,25.9,30.9,3.5,11.8,31.7,211,4.11
8/25/2023,61,25.9,30.3,8.6,16.4,37.4,215,3.21
8/26/2023,63,25.9,30.3,20.9,17.3,40,252,2.75
8/27/2023,61,26.5,30.5,9.1,21.3,41.4,264,2.61
8/28/2023,61,26.3,30.5,17.3,20,52.2,263,2.94
8/29/2023,63,25.9,30.3,23.7,22.9,47.5,257,2.25
8/30/2023,55,26.7,31.6,3,16.5,43.6,276,3.2
8/31/2023,53,27,31.8,3.2,17.2,38.2,243,4.19
9/1/2023,53,26.5,31.5,5.7,16.5,35.3,240,3.63
9/2/2023,53,26.6,31.5,4.4,16,38.9,241,2.99
9/3/2023,51,26.3,30.9,2,16.5,35.3,235,3.24
9/4/2023,53,25.8,30.4,4.2,16.1,37.1,232,3.33
9/5/2023,61,25.5,29.7,11.6,17.7,41,246,2.75
9/6/2023,61,26.4,30.9,5.8,17.6,44.3,256,2.9
9/7/2023,55,26.8,31.9,4.1,16.6,40,244,3.91
9/8/2023,61,26.6,31.7,2.8,16.1,37.4,241,3.55
9/9/2023,51,27.1,32.1,2.1,16.6,34.6,260,4.2
9/10/2023,53,26.9,31.8,2.2,17.9,36.7,235,3.59
9/11/2023,51,27,31.4,0.2,20.8,40.3,235,3.87
9/12/2023,51,26.9,30.5,2.8,22.2,43.9,239,4.18
9/13/2023,53,26.6,31.4,5.8,17.1,40.7,252,3.35
9/14/2023,55,26.6,31.7,6.2,15,37.8,239,3.4
9/15/2023,63,26.3,31.1,11,17.6,36,230,3.46
9/16/2023,61,26.4,31.5,5.8,12.1,33.8,259,2.81
9/17/2023,61,26.9,32.2,9,15.2,34.6,242,3.38
9/18/2023,51,26.8,32.5,2.7,12.6,30.6,243,3.6
9/19/2023,61,27,32.7,4.7,14,29.9,232,3.82
9/20/2023,61,26.8,32.2,7.6,11.3,27.4,240,3.91
9/21/2023,61,26.3,31.7,8.5,14.6,35.6,245,3.54
9/22/2023,53,27.1,32.2,4.8,13.7,31,241,3.42
9/23/2023,63,27.2,31.8,7.7,21.5,42.1,270,3.52
9/24/2023,55,27.1,32.2,7.5,15.6,33.8,256,3.86
9/25/2023,61,27.2,32.3,6.2,16.3,41,277,3.52
9/26/2023,65,26.3,30.1,30.5,23.4,54.7,247,2.98
9/27/2023,51,27,30.1,0.6,24.2,62.6,265,4
9/28/2023,63,25.5,29.8,14.2,19.1,52.6,301,2.09
9/29/2023,51,26.8,31.9,1.6,16.6,34.9,300,3.87
9/30/2023,55,26.8,32.3,7.5,15.1,33.8,295,3.3
10/1/2023,63,25.4,30.6,24.8,10.8,22.3,312,1.35
10/2/2023,55,26.1,31.5,5,12.6,28.1,252,3.43
10/3/2023,61,26.6,32,5.5,14,29.9,249,3.62
10/4/2023,63,25.8,30.9,13.6,12.9,33.1,214,2.85
10/5/2023,63,25.3,29.6,37.5,17.3,37.8,208,2.01
10/6/2023,53,26.2,30.8,4.6,18.2,44.3,217,3.2
10/7/2023,51,26.9,31.8,0.9,16.8,38.5,204,4.03
10/8/2023,51,27,31.7,2.7,19.1,38.9,213,3.88
10/9/2023,51,27.1,32,1.8,17.7,36,258,3.73
10/10/2023,61,27,32.2,11.8,17.1,40.3,272,2.84
10/11/2023,63,26.7,31.3,8.3,15.9,44.3,278,2.82
10/12/2023,61,26.7,31.8,8.4,18,49,281,3.07
10/13/2023,51,27.2,32.3,1.3,19.8,40.3,272,3.82
10/14/2023,53,27.4,32.5,3.1,19,45.7,256,4.01
10/15/2023,53,26.9,31.8,5.8,18.9,45,224,3.6
10/16/2023,63,26.6,31.2,11.5,19.4,53.6,227,2.86
10/17/2023,53,27.2,31.5,3.6,22.1,49.7,261,3.49
10/18/2023,53,26.9,31.1,4.4,23,47.2,262,3.51
10/19/2023,51,27,32.4,1.5,16.9,33.8,266,3.53
10/20/2023,61,26.5,32,10.1,11.4,27,253,3.18
10/21/2023,55,26.3,31.9,3.6,13,28.8,230,3.58
10/22/2023,53,26.4,31.7,3.8,13,27.7,204,3.59
10/23/2023,53,26.6,31.7,1.7,14.4,28.8,229,4.06
10/24/2023,63,26.3,31.4,4.6,12.7,32.8,285,3.48
10/25/2023,63,26,31.2,11.8,11.3,25.2,311,3.12
10/26/2023,63,25.9,31.1,12.7,11.6,27.4,334,3.15
10/27/2023,53,25.7,30.6,5.6,9.3,19.4,317,1.69
10/28/2023,65,25.6,30.5,47.3,13.9,31.7,324,2.8
10/29/2023,65,25.2,30,101,16.3,34.9,310,1.66
10/30/2023,61,25.3,30.5,15.7,8.7,21.2,359,2.01
10/31/2023,61,26,31.3,9.7,12.4,26.6,304,3.51
11/1/2023,65,25.5,30.5,14.2,15.8,35.3,249,2.19
11/2/2023,61,26.4,31.8,8.4,8.9,24.5,148,4.05
11/3/2023,63,25.6,30.7,20.2,12.6,27.7,178,2.68
11/4/2023,61,25.8,31,9.3,12.1,29.9,214,2.67
11/5/2023,61,25.7,30.9,5.8,7.7,23.8,238,2.45
11/6/2023,63,25.8,30.8,16,17.4,36.7,282,2.39
11/7/2023,63,25.2,29.6,35.2,17.4,41.8,283,2.05
11/8/2023,63,25,28.9,41.2,18.4,38.9,309,1.14
11/9/2023,63,24.7,27.5,34.8,23,48.6,333,1.66
11/10/2023,53,25.3,28.8,2.7,22.7,44.6,337,2.8
11/11/2023,61,25.9,30.7,10.6,15.7,34.9,263,3.2
11/12/2023,61,26.5,30.8,5.1,20.4,42.5,248,2.97
11/13/2023,55,26.2,31.1,5.6,17,45,270,2.98
11/14/2023,61,26,31,8.8,15.1,43.9,267,2.59
11/15/2023,63,25.6,30.1,27,17.9,41.4,255,2.56
11/16/2023,63,26,31.3,18,14.8,38.2,266,2.5
11/17/2023,63,26.1,31.3,10.2,12.5,28.8,307,2.54
11/18/2023,61,26.2,31.4,8.3,15.6,34.2,286,2.91
11/19/2023,61,26.1,31,6.6,16.5,38.5,249,2.7
11/20/2023,2,26.7,31.1,0,17.9,36.4,268,3.98
11/21/2023,2,26.5,30.9,0,11.5,25.6,306,4.26
11/22/2023,3,26.6,30.7,0,16.9,34.2,341,3.87
11/23/2023,63,25.7,30.2,16.5,14.1,28.4,343,2.71
11/24/2023,63,25.3,30.1,9,13,27,14,1.86
11/25/2023,61,25,30.4,11.9,6.6,16.2,111,1.53
11/26/2023,61,26,31.1,3.4,9.2,22,349,3.49
11/27/2023,63,26,31.4,21.2,8.2,21.6,7,3.61
11/28/2023,55,25.6,30.6,9.9,9.4,22,150,2.4
11/29/2023,53,25.9,30.8,1.9,10,25.9,150,2.47
11/30/2023,63,26,31.5,8.5,8,22.7,88,3.71
12/1/2023,63,26.6,31.9,5.7,6.9,20.5,161,3.81
12/2/2023,51,26.3,31.7,1.1,12.6,26.6,338,3.93
12/3/2023,55,26.6,31.9,2.5,9.1,22,193,3.65
12/4/2023,51,26.7,32,1.9,10.6,22.7,200,3.33
12/5/2023,53,26.7,32.2,2,10.4,24.5,312,3.76
12/6/2023,63,26,31.3,4.6,9,20.9,319,3.23
12/7/2023,1,26.9,31.7,0,10,24.1,23,4.11
12/8/2023,53,26.8,31.9,3.7,8,19.8,3,4.08
12/9/2023,63,25.9,31.4,6.4,11.2,25.9,117,3.24
12/10/2023,55,26.8,31.7,1.6,8.9,22.3,44,4.23
12/11/2023,51,27.2,32.3,0.7,8,22.3,40,4.22
12/12/2023,61,26.8,32.1,7.7,7.8,23.8,86,3.83
12/13/2023,63,26,31.3,21.5,6.8,20.5,37,2.48
12/14/2023,63,26,31.2,15.8,9.8,30.2,64,2.6
12/15/2023,61,25.4,30.6,11.6,8,20.5,63,1.51
12/16/2023,51,26.5,31.2,1.1,11.3,23,24,3.87
12/17/2023,51,26.2,30.5,0.1,10.4,23,17,3.42
12/18/2023,63,26.3,31,5.8,10.8,25.6,19,3.66
12/19/2023,51,26.5,29.8,0.3,14.3,29.9,11,3.87
12/20/2023,2,26.6,30.3,0,14.6,27.4,11,4.12
12/21/2023,1,26.5,30.6,0,10.6,25.6,6,4.24
12/22/2023,51,26.6,31,0.5,8.9,22,3,4.11
12/23/2023,51,26.1,29.7,0.1,10.1,21.2,354,4.17
12/24/2023,0,25.5,28.2,0,11.4,23.8,1,5.02
12/25/2023,1,25.4,28.1,0,10.2,20.9,22,4.4
12/26/2023,2,25.8,28.9,0,8.7,18.7,38,3.93
12/27/2023,1,26.3,29.8,0,8.7,16.9,41,4.3
12/28/2023,51,26.8,30.1,0.2,8.9,22,35,4.76
12/29/2023,2,27.2,30.8,0,10,24.1,15,4.76
12/30/2023,53,26.4,31.2,1.4,7.9,22.3,20,3.95
12/31/2023,55,26.7,31.7,2.6,8.4,22.3,23,3.9
1/1/2024,63,26.6,31.3,6.7,9.6,26.3,280,4.05
1/2/2024,61,26.9,31.3,2.1,10.2,24.8,73,4.19
1/3/2024,63,26.6,30.2,11.2,14.1,25.6,77,3.81
1/4/2024,61,26.7,29.8,3.9,16.2,30.6,75,4.12
1/5/2024,61,26.7,29.8,5.6,14.9,31,75,3.16
1/6/2024,51,27.3,31.7,1.2,11.1,23,39,4.14
1/7/2024,51,27.2,31.8,0.5,8.6,21.6,40,4.24
1/8/2024,51,27.2,31.1,0.8,10.5,22.7,72,4.65
1/9/2024,53,27.5,31.3,2.1,10.3,26.6,21,3.94
1/10/2024,51,26.3,30.6,0.4,9.2,21.6,74,2.8
1/11/2024,51,27.2,31.2,0.3,10.4,19.4,90,4.28
1/12/2024,51,27.3,31.9,1.1,9.2,20.5,290,4.11
1/13/2024,53,27.3,32.3,1.8,9.6,25.2,280,4.05
1/14/2024,51,27.1,31.8,1.4,11.1,23.8,311,4.04
1/15/2024,51,27.7,32.7,1.4,8.4,22,223,4
1/16/2024,51,27.8,32,1,8.4,23.4,42,4.35
1/17/2024,53,28.1,31.9,0.9,8.9,25.2,31,4.57
1/18/2024,1,28.4,31.8,0,14.2,29.2,68,5.12
1/19/2024,2,28.3,30.6,0,14.2,32.8,70,5.38
1/20/2024,1,27.1,28,0,18.8,38.2,81,5.95
1/21/2024,1,26.5,28.6,0,16.1,31.7,124,5.51
1/22/2024,2,26.7,30.3,0,14.4,31.7,151,5.26
1/23/2024,2,26.6,30.6,0,13,25.6,235,4.81
1/24/2024,51,26.9,30.8,0.1,13.7,24.5,265,4.63
1/25/2024,51,26.6,30.1,1.2,12.1,26.6,266,4.34
1/26/2024,53,26.1,30,1.9,11.6,25.6,169,4.34
1/27/2024,51,27.2,30.3,0.7,8.4,23,80,5.02
1/28/2024,2,27.5,30.9,0,7.9,19.4,63,4.49
1/29/2024,51,28.1,32.6,0.2,8.9,21.6,251,4.72
1/30/2024,51,28,32.7,0.4,12.3,25.2,147,4.75
1/31/2024,63,26.7,31.7,16.2,9,26.3,322,3.58
2/1/2024,2,27.8,31.8,0,9.7,23,194,5.27
2/2/2024,2,26.7,29.8,0,7.2,19.8,351,4.34
2/3/2024,51,26,29.3,0.1,11.9,27.4,170,4.59
2/4/2024,2,26.7,30.2,0,11.7,25.9,230,5.25
2/5/2024,2,27.7,32,0,12.3,27.7,213,5.25
2/6/2024,2,28.1,30.5,0,10.4,24.5,99,5.48
2/7/2024,51,28.2,30.6,1.2,11.9,27.4,71,4.74
2/8/2024,1,28.2,29.6,0,17,35.6,81,5.7
2/9/2024,2,28.2,30.3,0,14.5,23.8,70,5.49
2/10/2024,51,27.1,30.2,1.1,9.8,22,61,3.76
2/11/2024,63,27.1,32,5.6,11.9,22.3,72,4
2/12/2024,63,26.1,31.4,38.5,11.3,20.9,111,3.22
2/13/2024,61,24.4,28.1,10.6,18.9,36,78,1.39
2/14/2024,51,26.8,30.2,0.8,11.8,24.5,72,4.67
2/15/2024,1,26.6,28.8,0,19.1,37.1,86,5.74
2/16/2024,1,26.6,28.9,0,18.6,36.7,92,5.64
2/17/2024,2,26.6,29.5,0,12.3,27.7,81,5.24
2/18/2024,51,26.3,30.8,1.5,9.5,22.7,121,3.58
2/19/2024,51,26.9,31.7,0.8,7.2,16.9,64,3.4
2/20/2024,51,27.6,32.8,0.3,11.5,25.2,222,4.88
2/21/2024,51,27.7,33,1.2,12.4,25.6,231,4.7
2/22/2024,51,27.5,32.9,0.6,9.7,27,222,4.85
2/23/2024,1,27.6,32.3,0,9.9,21.6,166,4.99
2/24/2024,61,27.7,32,3.2,8.4,22.7,54,4.7
2/25/2024,2,28.5,32.4,0,7.7,20.2,81,4.97
2/26/2024,61,27.9,32.5,3,7.7,24.1,77,4.88
2/27/2024,1,28.5,32.3,0,7.8,24.8,46,5.2
2/28/2024,51,28.8,31.8,0.4,11.6,25.9,67,5.56
3/1/2024,1,28.9,31.2,0,13.4,29.5,68,6.24
3/2/2024,51,28,31,0.3,12.7,29.9,64,4.39
3/3/2024,2,28,30.3,0,18.3,39.2,75,4.87
3/4/2024,53,27.6,30.8,1.7,21,40.3,98,4.99
3/5/2024,51,28.2,31.6,0.1,18.7,37.1,96,5.62
3/6/2024,51,28.1,32.2,0.3,15.3,34.9,120,5.56
3/7/2024,51,28.6,33.4,0.7,11.5,26.3,208,5.25
3/8/2024,51,29.2,33.7,1.1,9,26.6,225,5.08
3/9/2024,51,28.9,33,0.1,12.6,29.5,207,5.4
3/10/2024,51,28.3,32.8,1.5,14.9,32,215,4.89
3/11/2024,53,28.8,33.5,1.4,12,35.6,235,5.34
3/12/2024,63,27.8,32.7,7,12.6,31.3,331,4.58
3/13/2024,63,28.3,33.2,9.3,9.9,25.6,31,4.73
3/14/2024,51,29,33.5,0.3,9.2,25.6,42,4.9
3/15/2024,51,27.9,32.4,0.9,9,22.3,202,3.84
3/16/2024,51,28.6,32.8,0.5,12.4,27,159,3.66
3/17/2024,61,27.7,32.8,7.6,15.5,32.4,188,3.26
3/18/2024,53,27.8,33.4,3.4,14.8,34.2,205,3.97
3/19/2024,53,28,33.6,5.3,17.3,40.3,186,4.43
3/20/2024,53,28,33.1,3.2,17.3,41,181,4.05
3/21/2024,53,28.1,33,6,18.1,38.5,186,4.45
3/22/2024,51,28,33.7,1.4,16.3,34.2,191,4.57
3/23/2024,51,28,33.1,2.2,16,34.6,220,4.27
3/24/2024,51,27.8,32.6,2,13.7,29.2,223,3.82
3/25/2024,51,28,32.9,1.9,14.5,30.6,242,4.45
3/26/2024,51,28.1,32.9,1,9.9,23.8,274,4.51
3/27/2024,53,28,33.1,2.4,7.6,23.4,284,5.14
3/28/2024,51,28.1,33.1,1.8,8.4,22,285,4.93
3/29/2024,51,28.6,33.3,1.3,12.6,27.4,272,5.13
3/30/2024,61,28.1,32.9,3.1,13.8,32,276,4.78
3/31/2024,53,28.2,33.2,1.3,13.5,31,264,4.64
4/1/2024,51,28,32.5,1.8,12.8,27.4,266,4.32
4/2/2024,55,28,33,2.5,12.1,28.8,257,5.04
4/3/2024,51,27.7,32.8,0.7,11.5,29.9,281,4.74
4/4/2024,63,27.2,32.1,53.9,10.8,28.8,294,4.25
4/5/2024,61,26.6,31.7,4.3,10.9,23,284,3.24
4/6/2024,61,26.6,32.2,5.2,11,28.8,235,4
4/7/2024,63,27.4,33.3,5.9,8.3,24.5,271,4.43
4/8/2024,63,26.2,31.7,12,8,20.2,202,2.56
4/9/2024,63,26.1,31.5,16.5,12.8,31,177,3.11
4/10/2024,63,25.6,31,29.7,13.2,30.2,172,2.2
4/11/2024,61,26.4,32,13.7,9.6,24.1,141,2.4
4/12/2024,63,26.3,32.1,17.8,15.3,31.7,235,2.94
4/13/2024,63,26.2,31.2,13.3,15,29.5,271,2.43
4/14/2024,55,27,32.4,4.4,14.2,30.6,262,3.98
4/15/2024,51,27.8,33.4,1,15.5,30.6,266,4.76
4/16/2024,51,27.9,33.1,1.7,16.1,34.2,266,4.41
4/17/2024,63,27.5,33.1,5.2,14.8,29.2,239,4.03
4/18/2024,61,26.8,32.7,10.4,12.7,28.4,199,3.62
4/19/2024,61,26.7,32.4,6.6,12.3,28.8,192,3.18
4/20/2024,53,27.9,33.9,2.3,13.1,28.4,224,4.24
4/21/2024,61,27.2,33.2,4.7,13.3,27.7,266,4.11
4/22/2024,61,26.6,32.3,6.4,11.4,27,269,3.35
4/23/2024,63,26.8,32.8,9.2,9,23.8,158,3.84
4/24/2024,61,27.6,33.4,6.5,9.6,24.1,88,4.43
4/25/2024,61,27.1,33.2,8,8.3,22.7,258,3.68
4/26/2024,61,27.6,34.1,4.5,9.8,24.1,249,4.44
4/27/2024,61,27.5,33.6,6.4,8.8,24.1,275,4.21
4/28/2024,61,27.7,33.6,3.6,11.5,25.2,285,4.04
4/29/2024,51,28.1,34,0.7,11,25.6,230,4.11
4/30/2024,53,27.8,34.1,5.5,14.1,32,198,3.91
5/1/2024,55,27.7,33.1,7.3,17.5,37.8,206,3.25
5/2/2024,61,28.2,34.3,9.9,16.3,34.9,192,3.75
5/3/2024,63,27.8,34.4,5,13.8,28.4,229,3.96
5/4/2024,53,27.7,33.8,5,14.1,31.3,208,3.84
5/5/2024,55,27.5,33.2,8.3,13.1,34.6,224,3.72
5/6/2024,51,27.8,33.6,2.4,14.6,38.5,177,3.59
5/7/2024,51,28.6,34.2,3.5,16.9,37.1,176,3.95
5/8/2024,55,28.5,34,6.4,18.7,36.4,189,3.58
5/9/2024,63,27.3,32.4,19.5,20,41.4,204,3.11
5/10/2024,63,27.6,32.2,24.7,20.9,49.3,188,3.57
5/11/2024,61,27.7,32.3,8.6,23.1,49.3,207,4.08
5/12/2024,63,26.5,31,15.4,19,42.8,210,2.87
5/13/2024,63,25.8,29.8,31.9,22.1,50.4,208,1.91
5/14/2024,63,25.7,29.2,71.8,22.7,46.8,210,0.96
5/15/2024,55,27,31.5,10.1,18.8,46.4,204,3.2
5/16/2024,63,26.8,31.2,16.5,22.9,50.8,217,3.02
5/17/2024,63,26.5,30.2,27.8,23.9,55.4,230,2.64
5/18/2024,63,26.7,30.8,21.5,23.7,52.2,232,3.41
5/19/2024,61,26.8,31.2,10.4,20,46.8,227,3.47
5/20/2024,53,27.3,32.3,2.5,17.5,43.6,221,3.83
5/21/2024,51,27.4,32.7,3.4,17.1,42.5,208,3.65
5/22/2024,51,27.5,32.3,3.7,20.2,45.4,189,3.58
5/23/2024,61,27.2,32.4,9.8,19.2,42.1,198,3.48
5/24/2024,63,26,30.7,24.3,15.1,38.5,224,2.5
5/25/2024,63,26,31.1,18.8,12.8,32,231,3.02
5/26/2024,61,26.4,31.5,9.7,13.3,34.6,224,3.53
5/27/2024,61,26.4,31.5,9.9,15.9,39.2,216,3.42
5/28/2024,61,26.4,31.4,11.5,19.1,43.2,217,3.24
5/29/2024,63,26.1,30.8,17.7,19.9,40.3,225,2.94
5/30/2024,63,25.9,29.8,25.2,23.2,40.3,268,2.69
5/31/2024,63,25.5,30.2,40.7,16.1,46.8,265,1.02
6/1/2024,63,26.6,31.8,12.7,6,46.4,18,2.18
6/2/2024,63,26.9,31.4,11.9,20.9,47.5,195,3.07
6/3/2024,63,26.7,31.1,13.2,18.6,40.7,196,3.17
6/4/2024,61,26.4,31.3,8.7,14.2,32.8,220,3
6/5/2024,53,26.6,31.3,4.9,18.6,37.1,231,3.15
6/6/2024,53,26.2,31.3,5.1,14.3,31.3,236,3.19
6/7/2024,53,26.5,31.5,3.3,15.9,37.1,218,3.24
6/8/2024,53,26.8,31.4,7,19.8,38.9,210,3.61
6/9/2024,63,26.4,30.8,12.2,18.1,37.4,219,3.38
6/10/2024,51,27,31.1,3.4,19.8,39.6,218,3.99
6/11/2024,55,26.7,32,7.1,14.2,32,204,3.53
6/12/2024,63,26.3,31.5,15.3,13.3,37.1,188,2.98
6/13/2024,51,27.1,32.2,3,16.7,36.7,185,3.66
6/14/2024,61,26.8,31.9,7.7,16.3,34.6,189,3.18
6/15/2024,63,25.9,31.2,17.6,14.1,31.7,187,2.73
6/16/2024,61,26.2,31.6,7.1,9,19.4,188,1.38
6/17/2024,61,26.2,31.2,7.8,12.9,32.8,228,2.64
6/18/2024,53,26.4,31.1,5.1,14.6,32,241,3.58
6/19/2024,51,26.7,32.1,2.8,14.6,30.2,215,3.58
6/20/2024,61,26.6,31.8,7.9,14,34.6,211,3.47
6/21/2024,55,26.9,31.9,6.9,18.4,40.7,199,3.3
6/22/2024,61,26.9,32.1,7.9,16.9,41,210,3.51
6/23/2024,61,26.9,32,5,16.2,37.8,206,3.31
6/24/2024,65,26.8,31.6,29.7,18.7,45.7,194,3.02
6/25/2024,61,27,31.5,10,19.2,49,173,3.45
6/26/2024,51,27.6,32.5,2.3,18,41,187,3.74
6/27/2024,53,27.7,32.5,4.6,19.8,39.6,177,4.19
6/28/2024,53,27.4,32.2,4.1,21.1,50,171,3.59
6/29/2024,61,27.4,32,8.4,20.6,53.6,178,3.87
6/30/2024,61,27,30.9,5.5,24.9,56.2,168,3.3
7/1/2024,51,27.5,31.4,0.7,22.9,50.4,171,4.34
7/2/2024,63,27.3,31.3,9.7,23.1,46.4,175,4.23
7/3/2024,61,26.6,29.9,10.5,28.5,57.6,171,2.72
7/4/2024,63,27,31.3,5.9,23,43.6,172,4.1
7/5/2024,63,26.7,31.6,7,16.7,52.9,167,3.59
7/6/2024,63,26.5,31,5,21.9,50,157,3.06
7/7/2024,51,26.4,30.9,0.2,18.9,39.6,141,3.46
7/8/2024,51,26.9,30.4,0.9,23.3,52.9,169,4.51
7/9/2024,55,26.7,31.1,2.8,21.3,53.6,167,3.63
7/10/2024,61,26.6,30.6,5.7,21.4,50.8,188,3.16
7/11/2024,55,26.3,30.9,7.1,16.6,34.9,184,2.57
7/12/2024,51,26.9,31.6,2,18,48.6,199,4.26
7/13/2024,53,26.9,31.2,3.2,19.1,47.5,204,4.29
7/14/2024,61,26.8,31.5,6.4,20.8,48.2,205,3.54
7/15/2024,53,27.1,31.7,5.5,19.1,43.2,197,4.02
7/16/2024,51,27.1,32.8,2.3,15.3,38.9,212,3.78
7/17/2024,53,27.1,32.1,3.9,18.5,33.8,189,3.5
7/18/2024,51,27,31.6,2.4,19.6,39.2,165,3.43
7/19/2024,53,27.3,31.9,2.4,22,35.6,164,4.14
7/20/2024,53,26.7,31.2,3.8,17.6,34.6,181,3.21
7/21/2024,61,26.6,30.9,13.8,18.2,32.4,198,3.41
7/22/2024,53,26.2,30.3,5.5,20.3,36.7,189,2.44
7/23/2024,55,26.5,30.7,4.7,22,46.8,187,3.33
7/24/2024,51,26.3,30.6,1.1,19.1,39.6,178,3.66
7/25/2024,51,26.7,31.3,1.3,15.6,32.4,178,3.56
7/26/2024,63,26.9,32.3,6.5,13.4,29.9,145,3.94
7/27/2024,63,26.3,31.4,17.4,12,27.7,121,3.2
7/28/2024,53,26.3,31.5,4.9,9.7,21.6,156,2.28
7/29/2024,51,26.3,31.4,1.6,8.5,16.2,273,2.34
7/30/2024,53,26.6,31.7,2.3,12.5,28.1,240,3.74
7/31/2024,63,26,30.9,10.4,14.6,30.6,222,3.28
8/1/2024,65,25.7,28.5,25.5,30,61.2,183,1.91
8/2/2024,63,25.9,28.4,18.6,27.6,60.1,187,3.17
8/3/2024,63,25.7,28.5,12.1,25.3,65.9,196,2.75
8/4/2024,55,26.1,28.8,4.7,24.1,58.3,188,3.43
8/5/2024,53,26,29.6,5.4,25.1,57.6,192,2.99
8/6/2024,51,26.2,30.7,1.9,18.4,47.9,201,3.38
8/7/2024,51,26.3,30.4,2.9,19.6,41.4,203,3.89
8/8/2024,51,26.4,30.8,2,22.2,48.6,208,3.83
8/9/2024,51,26.5,31.4,1.8,19.6,45.4,199,4.02
8/10/2024,51,26.4,31.3,0.3,17.3,35.6,181,4.45
8/11/2024,51,26.9,32,1.1,16.2,33.8,170,4.34
8/12/2024,55,27,32.5,3.1,15.1,43.2,179,3.68
8/13/2024,51,26.5,31.7,1.5,18.7,36.7,184,3.9
8/14/2024,51,26.4,31.2,0.8,17.4,34.9,185,3.72
8/15/2024,51,27.1,31.8,0.5,12.9,27,250,4.21
8/16/2024,51,26.8,31,2.3,17.4,35.6,250,4.23
8/17/2024,51,26.5,30.9,2.8,17.8,33.8,218,3.89
8/18/2024,53,26.3,30.7,7.5,19.1,38.5,206,3.69
8/19/2024,51,26.4,31.1,5,16.1,36.7,202,3.62
8/20/2024,51,26.8,31.1,3.1,19.7,39.2,200,3.82
8/21/2024,51,26.6,30.7,4,20.6,42.1,197,3.98
8/22/2024,63,26.2,30.2,13,21.2,45.7,181,3.01
8/23/2024,61,26.3,30.2,9.6,20.4,46.4,172,3.85
8/24/2024,61,26.1,29.9,11.2,20.7,40,177,2.72
8/25/2024,51,26.4,30.7,2.9,17.9,38.2,173,3.85
8/26/2024,63,25.7,29.3,24.6,21.9,43.9,206,3.29
8/27/2024,53,25.9,29.9,3.5,20.6,48.2,180,3.34
8/28/2024,51,26.3,30.7,3.5,20.7,43.2,187,4.08
8/29/2024,61,26,30.5,10.9,15.8,34.6,183,3.38
8/30/2024,63,25.8,31,29,11.2,26.6,178,2.83
8/31/2024,63,24.9,29.4,35.1,11.5,25.2,202,1.59
9/1/2024,61,24.8,29.2,16.5,16.4,33.1,207,1.65
9/2/2024,53,25.9,30.6,5.1,16.9,45.4,228,3.66
9/3/2024,63,25.6,30.2,15.7,17.7,43.2,217,3.01
9/4/2024,61,25.6,29.9,12.6,17.5,32.4,229,2.81
9/5/2024,63,25.5,29.5,34.1,17.4,42.1,212,2.46
9/6/2024,51,26.1,29.9,2.1,18,49,205,3.03
9/7/2024,55,26,30,6.4,23.6,49.7,197,3.19
9/8/2024,53,26.4,30.7,3.1,16.4,37.8,205,3.76
9/9/2024,51,26.4,30.8,3.9,17.2,42.8,208,3.99
9/10/2024,51,26.4,31.2,1.5,18,45.7,202,3.88
9/11/2024,51,26.5,31.4,2.4,16.4,41.8,198,3.96
9/12/2024,53,26.4,31.5,4.1,16.9,40,199,4.33
9/13/2024,51,26.3,31.3,2.1,14.7,30.2,223,3.86
9/14/2024,51,26.3,30.9,3.4,16.2,32.8,241,4.09
9/15/2024,51,26.3,31.7,1.2,13.8,30.6,196,4.14
9/16/2024,51,26.7,31.3,1.1,15.1,31.7,200,4.26
9/17/2024,51,26.4,30.9,3.6,16.6,33.8,207,3.75
9/18/2024,51,26.4,31.2,2.7,15.5,36.7,206,3.66
9/19/2024,53,26.4,31.4,2.7,15,34.6,197,3.23
9/20/2024,51,26.9,32,2.2,16.6,37.4,201,4.12
9/21/2024,51,26.8,31.8,2.6,15.3,33.5,206,3.84
9/22/2024,51,26.8,32,2.4,14.4,31.3,194,4.04
9/23/2024,51,26.9,32.3,0.8,14.6,37.4,178,4.28
9/24/2024,51,26.9,31.6,0.5,18.9,38.9,168,4.22
9/25/2024,53,27.2,32,2.3,16,36,183,4.38
9/26/2024,51,26.5,31.2,0.7,13.7,25.6,175,2.25
9/27/2024,51,27.2,31.6,1.3,18.4,36.4,181,4.45
9/28/2024,53,27,30.8,3.9,19.3,39.6,189,3.9
9/29/2024,53,26.6,30.7,3.4,18.9,41,202,3.72
9/30/2024,61,26.4,30.3,11.9,22.7,45.7,208,3.36
10/1/2024,63,26.4,30,15.3,23.2,56.5,183,3.09
10/2/2024,63,26.3,30.1,17.9,25.7,54.7,178,2.94
10/3/2024,53,26.3,30.1,9.1,25.6,52.2,174,3.23
10/4/2024,51,26.7,30.9,3,21,38.9,179,3.27
10/5/2024,61,26.6,31.5,7.9,19.6,42.8,194,3.36
10/6/2024,53,26.3,31.2,3,17,39.2,190,3.06
10/7/2024,51,26.3,31.4,2.6,16.2,39.2,184,3.21
10/8/2024,53,26.3,31.1,2.5,18.9,37.8,170,4.04
10/9/2024,51,26.4,31.9,2.4,14.5,29.5,189,3.94
10/10/2024,53,26.5,31.2,3.8,15,31,209,3.94
10/11/2024,53,26.2,31.2,2.7,14.1,30.6,248,3.62
10/12/2024,63,25.2,30,20.6,14.5,27.7,233,2.34
10/13/2024,63,25.4,30,13.5,13,24.5,209,2.34
10/14/2024,63,25.1,30,25.4,15,31.7,199,2.04
10/15/2024,61,25.1,30.1,12.4,11.2,26.6,223,1.76
10/16/2024,61,25.4,30.2,11.6,13.5,32,233,2.87
10/17/2024,63,25.4,30.7,24.2,16.7,35.6,197,2.56
10/18/2024,63,25.5,29.9,24,17,36.7,165,2.09
10/19/2024,61,26.2,30.4,10,19.5,33.8,176,2.13
10/20/2024,63,25.7,29.9,17.9,18.8,40,169,2.44
10/21/2024,65,24.9,29.3,34.2,18.4,40,149,1.68
10/22/2024,53,25.6,30.5,3.6,13.1,29.5,146,2.56
10/23/2024,63,25.6,30.4,14.3,15.4,33.5,181,3.22
10/24/2024,63,25.4,30.2,27.1,17.8,36.4,197,2.65
10/25/2024,53,26.1,31.4,5.4,14.4,29.9,166,2.98
10/26/2024,51,26.3,31.8,2.2,13,29.5,192,3.96
10/27/2024,51,26.3,31.5,1.1,9,24.8,219,4.1
10/28/2024,1,26.5,31,0,14.5,29.5,89,5.05
10/29/2024,51,26.8,31.8,0.2,8,20.9,102,4.66
10/30/2024,63,25.9,30.7,12,17.4,32,99,3.81
10/31/2024,63,25.8,30.8,13.2,13.1,27.7,110,3.13
11/1/2024,61,25.2,29.7,12,18.4,35.3,145,1.66
11/2/2024,61,25.4,30.4,9.9,15,32.4,158,2.99
11/3/2024,63,25.4,30.6,13.5,13.7,29.9,190,2.12
11/4/2024,63,25.4,30.5,20.9,12.2,25.6,165,2.71
11/5/2024,63,24.8,30,38.2,7.6,16.2,93,0.98
11/6/2024,55,25.5,30.2,4.4,8,20.5,73,2.43
11/7/2024,61,25.6,30.7,13,7.3,23,51,3.37
11/8/2024,63,25.7,30.9,13.5,7.2,21.2,71,3.18
11/9/2024,63,25.6,30.6,12.2,9.3,20.2,88,2.95
11/10/2024,53,26.1,30.7,1.9,9.5,24.8,102,2.74
11/11/2024,55,25.5,29.9,4,15.1,35.6,112,2.77
11/12/2024,63,25.4,30.6,21.3,13.7,31.7,173,2.82
11/13/2024,61,25.7,31.3,14.5,6.5,16.2,93,2.38
11/14/2024,63,25.1,30.2,19.7,11.3,26.6,276,2.28
11/15/2024,61,26.1,31.2,4.8,9.4,22.3,79,3.48
11/16/2024,53,26.1,30.4,1.6,14.9,29.5,102,3.71
11/17/2024,2,25.9,29,0,19.9,38.9,94,4.81
11/18/2024,2,25.7,28.4,0,19.1,37.8,90,4.32
11/19/2024,51,25.7,28.9,0.4,19.5,34.6,91,4.02
11/20/2024,2,25.4,28.8,0,16.9,35.3,96,4.29
11/21/2024,51,26,30.3,0.4,15.8,32.8,160,3.97
11/22/2024,51,26.5,31,1,14.4,29.9,170,3.73
11/23/2024,2,26.9,31.4,0,15.2,31.7,158,4.08
11/24/2024,51,26.4,31.5,1.6,11.6,26.6,161,3.77
11/25/2024,51,26.3,31.5,0.4,10.5,22.3,110,3.76
11/26/2024,61,26,31.1,2,8.6,22.7,278,3.49
11/27/2024,53,26.3,31.4,1.4,11.2,23.8,257,3.89
11/28/2024,53,26.5,31.7,1.3,9.4,23,113,3.82
11/29/2024,51,26.8,31.6,0.7,7.8,22,309,3.91
11/30/2024,2,26.8,31.3,0,7.7,22,255,4.19
12/1/2024,61,26.6,31.8,4.9,5.9,20.9,338,3.94
12/2/2024,63,25.6,30.5,32.2,11.7,27.7,188,2.78
12/3/2024,63,25.6,30.8,14.3,8.1,22.7,51,2.91
12/4/2024,65,25.5,30.4,54.9,14.2,24.1,278,3.31
12/5/2024,61,26,31.2,4.4,6.5,19.1,328,3.17
12/6/2024,2,26.2,29.9,0,13.7,27,96,3.59
12/7/2024,3,25.4,28.4,0,23.4,36.7,101,2.28
12/8/2024,53,24.3,26.9,2.9,20.7,38.5,99,2.11
12/9/2024,51,25.1,28.7,1,14.7,28.4,115,2.69
12/10/2024,53,25.8,30.1,6.2,21.8,45.7,220,2.26
12/11/2024,53,26,30.8,2.3,13.7,34.6,193,3.22
12/12/2024,51,25.6,29.9,0.7,12.9,27.7,234,3.61
12/13/2024,53,26,30.7,1.2,8,20.2,263,3.96
12/14/2024,51,26.2,31,1.2,6.6,15.8,305,3.96
12/15/2024,51,26.4,31.1,0.5,8.9,21.2,72,4.18
12/16/2024,51,26,29.7,0.6,9.8,24.8,68,3.89
12/17/2024,3,26,28.8,0,19.6,38.2,74,3.92
12/18/2024,53,25.3,27.9,3.9,18.6,36,11,2.49
12/19/2024,65,23.8,27.3,42.9,16.7,28.8,10,0.99
12/20/2024,53,26.4,30.4,1.7,15.9,32.4,15,3.38
12/21/2024,61,25.3,29.4,3.8,14.4,32,9,3.18
12/22/2024,55,25.5,28.5,1.7,17.4,29.9,6,3.48
12/23/2024,51,25.9,29.1,0.4,21.7,41.4,353,4.02
12/24/2024,53,26,29.6,2.4,20.6,38.5,346,3.53
12/25/2024,63,24.7,29.2,23.4,14,34.2,328,0.87
12/26/2024,51,25.5,28.7,0.3,20,36.7,158,2.95
12/27/2024,51,26,31,0.4,7.4,18,122,4.05
12/28/2024,53,25.7,31,3.7,6.2,21.6,78,3.38
12/29/2024,51,26.2,31.1,0.9,8.6,19.8,161,4.08
12/30/2024,51,25.7,29.1,0.2,8.7,20.9,35,4.04
12/31/2024,1,25.4,28.6,0,8.6,20.2,27,4.28
1/1/2025,2,25.1,27.5,0,15.3,31.3,20,4.58
1/2/2025,51,25.4,28.6,0.3,11.5,21.2,41,4.4
1/3/2025,1,25.9,28.8,0,12.2,25.6,29,4.5
1/4/2025,1,26.1,29.3,0,10.5,25.9,25,4.49
1/5/2025,51,26.6,30.5,0.3,9.3,21.6,20,4.1
1/6/2025,63,25.6,29.7,9.2,12.7,29.2,12,3.42
1/7/2025,65,25.5,29.7,22.7,10.3,24.8,17,3.34
1/8/2025,53,25.9,29.4,1.6,12.9,23.8,20,3.51
1/9/2025,3,25.7,28.1,0,14.6,28.1,17,4.62
1/10/2025,1,25,26.8,0,17,32,5,4.98
1/11/2025,1,24.9,26.4,0,15.8,29.9,9,5.06
1/12/2025,2,24.8,26.4,0,13.6,27,10,5.14
1/13/2025,1,25.3,28.3,0,11.5,21.2,12,4.4
1/14/2025,51,26.2,29.8,0.1,8.9,20.9,355,4.34
1/15/2025,61,26,30.6,8.7,8.7,21.2,117,3.52
1/16/2025,61,25.9,30.8,5.6,7.9,19.8,38,3.58
1/17/2025,61,25.6,30.1,2.7,9.7,22.3,8,3.46
1/18/2025,51,26,29.5,0.7,9.3,24.5,22,3.72
1/19/2025,1,25.2,26.5,0,15.6,31.7,15,5.22
1/20/2025,3,26.1,28,0,14.3,26.6,18,4.41
1/21/2025,63,24.9,27.4,17.8,21.6,39.6,15,2.86
1/22/2025,55,24.4,28.1,5.5,13.8,32.4,10,1.91
1/23/2025,61,25.6,30.5,7.3,8,20.2,18,3.21
1/24/2025,63,24.9,29.8,15,9.5,20.5,10,2.86
1/25/2025,61,25.9,29.8,3.5,9,21.6,30,3.84
1/26/2025,51,26,30.3,0.9,8.5,16.6,15,3.78
1/27/2025,53,25.6,29.5,2.7,10.2,20.2,28,2.93
1/28/2025,51,25.7,28.2,0.1,15.7,27,355,5.1
1/29/2025,51,25.4,28.9,0.1,10.9,25.6,14,3.8
1/30/2025,61,25.8,30.1,3.3,11.9,22.7,346,4.24
1/31/2025,61,25.2,28.1,8,21.2,45.7,358,3.15
2/1/2025,55,25.4,28.6,2,21.1,41.4,350,2.87
2/2/2025,61,25.4,29.9,3.2,16.8,33.1,178,2.66
2/3/2025,63,25.4,30.7,29.6,9.4,27.7,333,3
2/4/2025,63,26.1,31.2,19.6,13.8,25.9,335,3.56
2/5/2025,55,26.6,31.1,1.5,10.8,22.7,5,3.75
2/6/2025,53,25.9,30.3,1.9,11.3,23,24,2.59
2/7/2025,55,26.2,31.4,3.1,7.9,23,42,3.59
2/8/2025,51,26.8,31.6,0.4,9.8,24.5,30,4.32
2/9/2025,51,26.5,30.9,1,9.8,21.2,359,4.2
2/10/2025,51,26.1,30.4,0.1,9.7,22.3,359,4.48
2/11/2025,51,26,30.2,0.7,11.6,23.8,319,3.98
2/12/2025,51,26.3,30.7,0.2,10.6,23.8,350,4.38
2/13/2025,51,26.4,30.6,0.8,11.9,23.8,269,4.19
2/14/2025,51,26.1,30.1,0.7,11.6,25.9,5,3.99
2/15/2025,2,25.9,28.7,0,10.5,25.9,8,4.9
2/16/2025,2,26.2,29,0,8.7,22.3,1,4.53
2/17/2025,3,27.5,30.7,0,11.9,23,357,5.07
2/18/2025,51,27.8,31.9,0.4,9.3,20.5,36,4.78
2/19/2025,63,26.6,31.6,17,11.3,28.8,255,3.81
2/20/2025,63,26.4,31.5,11.6,6,19.1,65,3.3
2/21/2025,51,27.1,31.7,0.4,8.9,27.7,12,4.63
2/22/2025,2,26.8,30.5,0,10,21.2,294,5.14
2/23/2025,51,26.9,31.2,0.5,10.5,22.3,211,4.59
2/24/2025,53,27.4,32.2,2.1,8.5,25.9,261,4.32
2/25/2025,63,27.5,32,5.2,10,27,173,3.96
2/26/2025,2,27.2,29.8,0,10.6,22.3,35,5.51
2/27/2025,2,27.8,30.2,0,13.6,27,19,5.67
2/28/2025,63,27.2,31.9,8.9,9,23.8,39,3.88
3/1/2025,63,27,31.8,13.9,9.3,23.8,12,3.97
3/2/2025,2,27.6,31.5,0,13,26.6,59,4.74
3/3/2025,51,27.7,31.8,0.6,9.7,24.5,86,5.24
3/4/2025,63,26.6,31.5,12.7,10.5,26.6,38,3.71
3/5/2025,63,26.6,32.2,14.9,9.8,26.6,269,4.18
3/6/2025,61,27.1,32.1,4.6,8.3,23,50,4.6
3/7/2025,63,26.9,32,13.4,9.9,24.8,188,4.74
3/8/2025,51,28.1,32.6,0.1,9.3,23.8,25,5.32
3/9/2025,51,28.2,32.6,1,8.7,21.6,58,5.04
3/10/2025,53,26.5,31.6,3.8,7.8,23,215,3.05
3/11/2025,63,27.1,32.2,11.7,9.7,24.1,119,4.45
3/12/2025,63,27.9,33.2,8.6,7.9,21.6,76,4.9
3/13/2025,63,26.9,32.4,14.5,8.7,25.6,144,4.33
3/14/2025,63,26.4,32,11.6,10,24.8,200,4.04
3/15/2025,53,26.8,32.4,3.4,8,21.6,148,4.45
3/16/2025,63,26.6,32.2,5.6,9,22,9,3.85
3/17/2025,51,27.6,33,0.7,7.7,18.7,205,4.33
3/18/2025,51,27.4,32.9,1.4,8,19.1,168,4.81
3/19/2025,55,26.8,31.9,6.2,15.7,31,174,4.31
3/20/2025,53,26.6,31.6,1.1,9,20.9,178,3.23
3/21/2025,63,27.4,32.7,6.5,11.2,25.6,173,4.67
3/22/2025,53,27.6,33.5,2.2,10.5,25.2,203,4.45
3/23/2025,55,27.1,32.5,2.2,11.5,26.6,178,3.87
3/24/2025,53,27.2,32.6,2.6,11.8,24.5,187,4.51
3/25/2025,53,27.5,33.1,1.3,6.9,23,160,4.81
3/26/2025,63,27.2,32.9,6.7,9,24.1,174,4.47
3/27/2025,51,27.9,33.6,1,11.2,25.6,282,4.6
3/28/2025,53,28,33.5,1.6,12.7,26.6,174,4.58
3/29/2025,53,27.8,33.2,2.5,9.2,21.6,177,4.68
3/30/2025,55,27.3,32.5,3.3,11.6,26.3,175,4.48
3/31/2025,51,28.1,33.5,1.6,10.3,24.1,194,5.02
4/1/2025,53,27.2,32.6,3.8,10,25.6,180,4.39
4/2/2025,63,27.4,32.8,3.2,11,28.1,169,4.4
4/3/2025,55,27,32.5,3.8,11.9,25.9,189,4.33
4/4/2025,61,26.6,31.8,4.4,15.1,32.8,198,3.95
4/5/2025,53,27.6,32.9,3,10,23.8,160,5.05
4/6/2025,61,27.6,32.8,5,8.2,23,154,4.85
4/7/2025,53,27.9,33.7,1.8,6.2,19.1,187,4.79
4/8/2025,61,26.7,31.6,5.1,10.7,25.6,127,3.58
4/9/2025,61,27.9,33.6,1.5,7.8,23,168,5.08
4/10/2025,51,28.3,33.9,0.9,5.1,23.4,289,5.13
4/11/2025,51,28.5,33.8,0.2,8.4,24.1,223,5.27
4/12/2025,51,29,34.6,0.1,7.5,24.5,174,5.39
4/13/2025,55,28.5,34.3,1.5,7.6,23.4,167,4.95
4/14/2025,53,28.3,34,2.3,10.6,23.8,199,4.88
4/15/2025,53,28,33.4,1.9,12.2,24.5,192,4.58
4/16/2025,53,27.9,33.7,1.8,13.6,28.8,220,4.63
4/17/2025,51,28.7,34.6,0.5,8,20.5,207,4.86
4/18/2025,51,29,34.7,1.4,8.6,19.4,195,4.74
4/19/2025,51,28.9,34.2,1.5,10.7,26.3,183,4.9
4/20/2025,51,28.7,34,0.9,10.8,27.4,204,4.88
4/21/2025,53,28.3,33.9,3,10.7,30.2,203,4.29
4/22/2025,55,28.5,34.4,3.6,11.6,29.5,219,4.33
4/23/2025,63,28.4,34.4,6.6,13.2,30.6,192,4.45
4/24/2025,63,27.9,33.9,12.9,12.1,27.7,162,4.45
4/25/2025,63,27,32.9,16.6,12.6,25.9,166,3.71
4/26/2025,63,27,32.6,36.9,11.7,24.1,196,3.48
4/27/2025,63,27.1,32.8,10.3,9.2,23.4,137,3.35
4/28/2025,63,27.2,33.2,21.6,8.9,23.4,136,4.25
4/29/2025,63,26.6,31.9,23.2,10.9,21.6,144,2.8
4/30/2025,53,26.9,32.1,5.6,11.4,33.1,157,2.93
5/1/2025,63,26.5,31.8,28.8,16.9,31.3,180,3.03
5/2/2025,61,27.1,32.8,10.1,13.4,21.6,192,2.52
5/3/2025,61,26.4,32.1,18.4,13,35.3,278,2.51
5/4/2025,61,27.5,33.5,18,12.1,24.1,256,3.15
5/5/2025,55,26.5,32.7,9.7,7.9,20.9,289,1.45
5/6/2025,61,26.9,32.6,9.1,16.9,31.7,248,3.38
5/7/2025,51,27.9,33.6,3.5,15.6,33.8,290,2.82
5/8/2025,61,27.9,33.9,7.7,14.4,32,270,3.08
5/9/2025,61,27.1,33.2,11.9,16.9,34.6,276,2.84
5/10/2025,63,26.9,32.6,19.1,14.2,31.3,237,2.89
5/11/2025,63,27,31.7,10.7,21.3,38.5,216,3.03
5/12/2025,55,27.3,32.5,7.7,20.1,42.1,212,3.31
5/13/2025,63,27.9,33,7.5,18.4,46.8,237,3.48
5/14/2025,61,27.7,32.9,7.7,17,34.9,231,2.56
5/15/2025,53,28.3,34.5,3,15,34.6,256,3.64
5/16/2025,51,28.5,35.4,1.6,13.8,30.6,263,3.75
5/17/2025,51,28.4,34.8,2.2,16.1,31.3,212,3.91
5/18/2025,61,27.9,33.7,3.5,14.8,30.6,193,4.13
5/19/2025,55,27.1,32.4,4.7,14.4,30.2,189,3.84
5/20/2025,53,27.1,32.6,4.6,13.4,29.9,196,3.72
5/21/2025,53,26.8,31.7,3.9,14.8,29.5,184,3.2
5/22/2025,53,27.5,32.7,1.5,15.3,31,193,4.06
5/23/2025,51,27.9,33.3,0.9,12,25.9,191,4.16
5/24/2025,2,28.1,33.4,0,12.5,27.4,202,4.33
5/25/2025,51,28.1,33.5,3.3,16.8,34.6,236,4.05
5/26/2025,51,28.4,34.1,2.5,16.9,36.4,261,4.16
5/27/2025,53,28,33.8,4.2,15.5,35.6,259,3.93
5/28/2025,51,27.8,33.9,2.2,16.3,31.7,253,3.78
5/29/2025,61,28.1,34.3,3.9,12.9,30.6,214,4.2
5/30/2025,53,27.3,33.2,5.1,11.2,27,207,3.32
5/31/2025,53,27.3,33,4.3,14.8,31.7,210,3.93
6/1/2025,53,26.9,32.7,4.3,14.6,31.3,238,3.49
6/2/2025,53,27.1,32.7,6.2,14.8,33.1,215,3.22
6/3/2025,63,27.4,32.7,13.4,16.3,35.3,233,3.64
6/4/2025,63,27,32.3,8.7,14.8,40.3,242,3.32
6/5/2025,63,27.2,32.8,9.5,16.3,35.6,248,3.41
6/6/2025,61,27.7,33.2,8.4,18,39.2,252,3.46
6/7/2025,63,26.9,32,20,18.6,40.7,256,2.71
6/8/2025,61,27.1,32.3,15.8,17.5,40.3,257,3.22
6/9/2025,63,27.3,32.2,9.5,19.1,40,247,3.55
6/10/2025,61,27.8,32.9,7.8,20.8,42.8,260,3.97
6/11/2025,63,27.4,33,8.4,14,39.2,258,3.2
6/12/2025,63,26.9,32.5,20.5,15.5,39.6,252,3.25
6/13/2025,63,27,32.2,18.1,16.2,43.6,257,3.44
6/14/2025,63,27.4,32.8,8.9,17.7,42.1,260,2.75
6/15/2025,53,27.8,33.7,3.9,13.2,34.2,250,3.14
6/16/2025,55,28.2,33,6,21.3,41,254,3.89
6/17/2025,53,27.4,32.5,3.4,17.8,38.5,253,3.08
